YouTuber_Name,Title,Date,Views,Likes,Comments,Dislikes,Like_to_Dislike_Ratio,Dislike_to_Like_Ratio,Engagement_Ratio
joshscorcher,Top Ten Video Games Like D&D,2020-01-02 01:30:10+00:00,287761,6607,914,497,13.293762575452716,0.07522324807022855,2.786340053030119
joshscorcher,Top Ten Blizzard FAILS,2020-01-16 06:01:59+00:00,166790,4336,1312,154,28.155844155844157,0.03551660516605166,3.4786258168954975
joshscorcher,The Heck is Outriders?!,2020-02-13 21:00:09+00:00,34277,898,90,16,56.125,0.017817371937639197,2.9290778072760157
joshscorcher,Top Ten Valve FAILS,2020-02-16 00:00:10+00:00,146031,4118,1119,101,40.772277227722775,0.024526469159786304,3.6553882394833974
joshscorcher,Top Ten Worst Endings,2020-03-01 21:30:11+00:00,199252,5448,2154,359,15.175487465181059,0.0658957415565345,3.9954429566579006
joshscorcher,Top Ten Worst Nintendo FAILS ft. GreenScorpion,2020-03-16 01:00:10+00:00,262016,6195,1800,115,53.869565217391305,0.018563357546408393,3.0952308255984367
joshscorcher,QuarantineStream: Ari Tries Not To Sing Challenge!,2020-04-08 04:08:43+00:00,6301,216,34,4,54.0,0.018518518518518517,4.031106173623234
joshscorcher,Top Ten Video Games With The Best Bosses,2020-04-16 04:34:39+00:00,78736,3048,587,106,28.754716981132077,0.03477690288713911,4.751320869741922
joshscorcher,Josh and Ari Play Gauntlet Dark Legacy Part 1: Forsaken Province,2020-04-19 03:06:14+00:00,5061,121,24,2,60.5,0.01652892561983471,2.904564315352697
joshscorcher,"South Park ""Make Love, Not Warcraft"" Review",2020-04-21 23:26:36+00:00,24827,1118,158,24,46.583333333333336,0.02146690518783542,5.236234744431465
joshscorcher,Princes of the Apocalypse D&D Part 1: Meteor,2020-04-26 05:34:42+00:00,6401,177,43,3,59.0,0.01694915254237288,3.483830651460709
joshscorcher,Top Ten Difficulty Spike Bosses,2020-05-15 21:30:10+00:00,227449,5825,1656,220,26.477272727272727,0.03776824034334764,3.385813962690537
joshscorcher,Secretary Idol #QuarantineStream,2020-05-23 18:22:09+00:00,3192,143,41,2,71.5,0.013986013986013986,5.827067669172932
joshscorcher,Top Ten Most Improved Sequels,2020-06-02 03:15:57+00:00,54790,2506,516,59,42.47457627118644,0.023543495610534718,5.62328892133601
joshscorcher,Ari's 27th Birthday Stream: Pokemon Crystal!,2020-06-09 01:24:01+00:00,3279,94,34,2,47.0,0.02127659574468085,3.9646233607807257
joshscorcher,Top Ten Bosses You Don't Want To Defeat,2020-06-16 01:00:14+00:00,168502,5450,1230,153,35.62091503267974,0.028073394495412844,4.055144746056427
joshscorcher,Ari Tries Not To Sing Challenge 2: Electric Boogaloo!,2020-06-17 02:48:15+00:00,5181,128,33,0,,0.0,3.1075082030496044
joshscorcher,Foundry VTT Feature Testing,2020-06-25 02:00:39+00:00,2935,55,11,5,11.0,0.09090909090909091,2.4190800681431
joshscorcher,Everything GREAT about Charlie and the Chocolate Factory Part 1,2020-06-27 13:00:10+00:00,329086,9970,1629,241,41.36929460580913,0.024172517552657972,3.597843724740645
joshscorcher,Everything GREAT about Charlie and the Chocolate Factory Part 2,2020-06-28 13:00:13+00:00,201353,7702,985,85,90.61176470588235,0.011036094520903662,4.356528087488143
joshscorcher,Top Ten Forgotten Games,2020-07-03 01:00:09+00:00,64882,2682,919,44,60.95454545454545,0.01640566741237882,5.617890940476557
joshscorcher,MASSIVE Channel Update,2020-07-06 15:00:06+00:00,10449,846,93,10,84.6,0.01182033096926714,9.082208823810891
joshscorcher,Fiery Joker 28th Birthday Stream,2020-07-07 01:06:45+00:00,3455,146,35,2,73.0,0.0136986301369863,5.296671490593343
joshscorcher,Fiery Joker Rant: How to Fix 358/2 Days,2020-07-08 13:00:15+00:00,18122,1015,254,27,37.592592592592595,0.026600985221674877,7.151528528859949
joshscorcher,Top Ten Water Bosses,2020-07-16 03:53:13+00:00,96774,3342,568,50,66.84,0.014961101137043686,4.092008184016368
joshscorcher,Top Ten Games We Strangely Love,2020-08-01 22:30:50+00:00,39913,1835,436,28,65.53571428571429,0.015258855585831062,5.760028061032746
joshscorcher,Top Ten Disappointing Final Bosses,2020-08-16 00:58:43+00:00,150716,4398,871,95,46.294736842105266,0.021600727603456115,3.55901165105231
joshscorcher,Top Ten Cult Classics,2020-09-03 23:00:01+00:00,65801,2732,650,39,70.05128205128206,0.014275256222547585,5.199009133599794
joshscorcher,REACTION | Hyrule Warriors: Age of Calamity,2020-09-08 16:21:26+00:00,24920,1290,308,23,56.08695652173913,0.017829457364341085,6.504815409309791
joshscorcher,A Critical Analysis of Dancing Mad,2020-09-10 21:00:07+00:00,62253,2891,355,45,64.24444444444444,0.015565548253199585,5.286492217242542
joshscorcher,Top Ten Funniest Bosses,2020-09-16 03:33:34+00:00,114342,4028,660,55,73.23636363636363,0.01365441906653426,4.148082069580732
joshscorcher,Top Ten Rhythm Games,2020-10-02 03:24:24+00:00,83024,2334,555,147,15.877551020408163,0.06298200514138817,3.656773944883407
joshscorcher,Josh and Ari Play: No Straight Roads Part 1,2020-10-08 02:12:06+00:00,8648,219,49,6,36.5,0.0273972602739726,3.1683626271970398
joshscorcher,Top Ten Mindf#$k Bosses,2020-10-15 21:11:58+00:00,142352,4825,641,83,58.13253012048193,0.017202072538860105,3.89808362369338
joshscorcher,Top Ten Hated Characters We're Supposed To Like,2020-11-02 06:52:16+00:00,355129,9486,3737,1549,6.123950936087798,0.1632932742989669,4.159615238406325
joshscorcher,Ari Tries Not To Laugh Challenge 1!,2020-11-12 08:47:49+00:00,15189,395,92,4,98.75,0.010126582278481013,3.2326025413127923
joshscorcher,Try Not To React Military (Veteran's Day),2020-11-12 08:47:58+00:00,6017,205,38,6,34.166666666666664,0.02926829268292683,4.1382748878178495
joshscorcher,HALLOWEEN SPECIAL: UNTIL DAWN PART 1,2020-11-13 05:21:10+00:00,4783,147,11,3,49.0,0.02040816326530612,3.3660882291448884
joshscorcher,Top Ten Super Bosses (PATREON REWARD),2020-11-16 01:00:11+00:00,175483,5513,1091,170,32.42941176470588,0.03083620533284963,3.8602029826250974
joshscorcher,Best and Worst Pokémon Gym Leaders,2020-11-21 21:00:10+00:00,181712,6081,1922,247,24.619433198380566,0.040618319355369185,4.540151448445892
joshscorcher,Top 20 Favorite Characters,2020-12-02 20:32:58+00:00,82295,3072,591,60,51.2,0.01953125,4.523968649371165
joshscorcher,Try Not To Laugh CHRISTMAS,2020-12-07 00:25:06+00:00,12781,343,77,14,24.5,0.04081632653061224,3.395665440888819
joshscorcher,Top Ten Ice Bosses,2020-12-16 19:37:46+00:00,80102,3018,645,45,67.06666666666666,0.014910536779324055,4.629097900177274
joshscorcher,Ari Tries Not To Sing CHRISTMAS!,2020-12-24 03:46:13+00:00,7029,183,53,5,36.6,0.0273224043715847,3.4286527244273723
joshscorcher,Top Ten 2020 FAILS,2021-01-04 23:00:10+00:00,181891,4668,1577,65,71.81538461538462,0.013924592973436161,3.4691106211962106
joshscorcher,Top Ten Lightning Bosses,2021-01-15 19:00:02+00:00,82985,2862,595,31,92.3225806451613,0.010831586303284416,4.203169247454359
joshscorcher,Top Ten Liked Characters We're Supposed to Hate,2021-02-01 22:59:57+00:00,161170,5125,1613,112,45.75892857142857,0.021853658536585364,4.2501706272879565
joshscorcher,Dan VS Mall Santa Review + Dan VS Revival Campaign!,2021-02-07 18:30:04+00:00,21880,1522,316,18,84.55555555555556,0.011826544021024968,8.482632541133455
joshscorcher,Top Ten Gaming Crushes,2021-02-14 19:00:22+00:00,59723,2614,652,63,41.492063492063494,0.02410099464422341,5.574066942384006
joshscorcher,Top Ten DLC Bosses,2021-02-16 02:43:17+00:00,136764,4277,798,64,66.828125,0.014963759644610709,3.7575677809949983
joshscorcher,REACTION: Nintendo Direct 2.17.2021,2021-02-17 23:10:53+00:00,13327,383,163,12,31.916666666666668,0.031331592689295036,4.186988819689352
joshscorcher,ANIMATION: Sephiroth's Welcome to Smash @Imagivotion,2021-03-01 20:40:20+00:00,133075,8388,1173,100,83.88,0.011921793037672867,7.259815893293256
joshscorcher,Top Ten Underrated Games from Popular Franchises ft. Count Shaman,2021-03-01 23:00:11+00:00,73363,2609,846,43,60.674418604651166,0.016481410502108086,4.768071098510148
joshscorcher,Top 10 Poison Bosses,2021-03-18 22:52:07+00:00,95326,3498,735,26,134.53846153846155,0.007432818753573471,4.467826196420703
joshscorcher,Top Ten Redemption Arcs,2021-04-01 21:14:34+00:00,106175,3699,599,41,90.21951219512195,0.011084076777507435,4.086649399576172
joshscorcher,Top Ten Out-Of-Place Bosses,2021-04-16 01:57:43+00:00,170242,5304,877,90,58.93333333333333,0.016968325791855202,3.6835798451615935
joshscorcher,Top Ten Non-Disney Movie Villain Songs,2021-05-03 01:00:11+00:00,546440,19747,2283,427,46.24590163934426,0.02162353775257001,4.109691823438987
joshscorcher,Top Ten Theater Villain Songs,2021-05-08 20:41:49+00:00,239280,7964,1124,137,58.13138686131387,0.01720241084881969,3.855315947843531
joshscorcher,Top Ten TV Show Villain Songs,2021-05-17 18:00:16+00:00,414585,13864,1973,322,43.05590062111801,0.023225620311598385,3.8976325723313674
joshscorcher,Top Ten Video Game Villain Songs,2021-05-24 18:00:13+00:00,414884,13119,1575,160,81.99375,0.012196051528317707,3.580277860799645
joshscorcher,Pokémon Rivals Tier List,2021-06-07 19:00:14+00:00,92976,3622,901,109,33.22935779816514,0.030093870789618993,4.981930820856995
joshscorcher,Fiery Joker E3 2021 Reactions - Ubisoft,2021-06-12 20:22:02+00:00,8221,221,23,4,55.25,0.01809954751131222,3.01666463933828
joshscorcher,Fiery Joker E3 2021 Reactions - Gearbox + Devolver Digital,2021-06-12 21:37:15+00:00,5600,152,15,4,38.0,0.02631578947368421,3.0535714285714284
joshscorcher,Fiery Joker E3 2021 Reactions - VR Showcase,2021-06-12 22:53:25+00:00,3109,100,0,3,33.333333333333336,0.03,3.312962367320682
joshscorcher,Fiery Joker E3 2021 Reactions - Microsoft/Bethesda,2021-06-13 18:37:46+00:00,7396,189,23,13,14.538461538461538,0.06878306878306878,3.042184964845863
joshscorcher,Fiery Joker E3 2021 Reactions - Square Enix,2021-06-13 20:05:59+00:00,7711,182,46,14,13.0,0.07692307692307693,3.138373751783167
joshscorcher,Fiery Joker E3 2021 Reactions - Capcom,2021-06-14 22:09:29+00:00,6563,166,31,7,23.714285714285715,0.04216867469879518,3.1083346030778607
joshscorcher,Fiery Joker E3 2021 Reactions - Nintendo,2021-06-15 17:04:18+00:00,20995,515,90,8,64.375,0.015533980582524271,2.9197427959037863
joshscorcher,Fiery Joker E3 2021 Reactions - Awards,2021-06-16 00:22:27+00:00,6160,162,87,8,20.25,0.04938271604938271,4.172077922077922
joshscorcher,Fixing Fire Emblem Fates ft. @greenscorpion64 and Aramau,2021-06-17 17:57:59+00:00,39085,1565,416,36,43.47222222222222,0.023003194888178913,5.160547524625816
joshscorcher,SHADOWS OF THE OLD WORLD | Trailer,2021-06-26 18:00:13+00:00,6293,274,32,4,68.5,0.014598540145985401,4.926108374384237
joshscorcher,JRPG Battle Royale | Final Fantasy VI vs Chrono Trigger vs Earthbound vs Super Mario RPG,2021-07-01 21:17:03+00:00,13418,725,221,20,36.25,0.027586206896551724,7.199284543150991
joshscorcher,Dynasty Warriors Movie Review,2021-07-02 15:00:28+00:00,10068,497,199,12,41.416666666666664,0.02414486921529175,7.032181168057211
joshscorcher,29th Birthday Stream!,2021-07-07 02:46:25+00:00,4299,191,31,4,47.75,0.020942408376963352,5.257036520120958
joshscorcher,Top 15 WORST Consoles,2021-07-16 01:54:37+00:00,319023,6762,1620,319,21.197492163009404,0.04717539189588879,2.727389561254204
joshscorcher,Josh's LaserActive Meltdown,2021-07-25 23:06:46+00:00,41390,1589,357,34,46.73529411764706,0.021397105097545627,4.7837641942498195
joshscorcher,Top Ten Smartest Bosses,2021-08-01 18:00:11+00:00,200761,7233,722,116,62.35344827586207,0.01603760541960459,4.02020312710138
joshscorcher,Top Ten Fun Yet Depressing Games ft. @Nonat1s,2021-08-16 18:15:56+00:00,52091,2542,527,31,82.0,0.012195121951219513,5.951123994548003
joshscorcher,Top Ten Easiest Bosses You Can Lose To,2021-09-01 17:30:09+00:00,116824,4396,668,84,52.333333333333336,0.01910828025477707,4.406628774909265
joshscorcher,Top Ten Disappointing Games,2021-09-16 19:00:10+00:00,124601,4117,1178,117,35.18803418803419,0.0284187515180957,4.343464338167431
joshscorcher,I'm moving away from Twitch,2021-09-18 02:57:05+00:00,14984,1147,154,12,95.58333333333333,0.010462074978204011,8.76268019220502
joshscorcher,9-23-21 Nintendo Direct - Mario Movie Cast Reaction!,2021-09-23 23:08:52+00:00,58546,2203,477,42,52.45238095238095,0.019064911484339538,4.649335565196598
joshscorcher,Top Ten Witch Bosses,2021-10-01 19:00:11+00:00,61833,2697,320,18,149.83333333333334,0.006674082313681869,4.908382255429949
joshscorcher,IT'S SORA,2021-10-05 15:39:14+00:00,39868,1926,273,25,77.04,0.012980269989615784,5.578408748871276
joshscorcher,Top Fifteen Disturbing Songs In Non-Horror,2021-10-16 00:15:11+00:00,132379,4387,818,47,93.34042553191489,0.010713471620697515,3.967396641461259
joshscorcher,The Decline of DLC,2021-10-23 15:00:03+00:00,23491,1604,277,15,106.93333333333334,0.009351620947630923,8.071176195138564
joshscorcher,HALLOWEEN: Top Ten Disturbing Levels in Non-Horror,2021-11-01 00:00:12+00:00,129580,4712,718,56,84.14285714285714,0.011884550084889643,4.233678036734064
joshscorcher,Video Essay: An Insidious Corruption of Literary Apologetics,2021-11-06 15:00:06+00:00,27117,1580,495,41,38.53658536585366,0.025949367088607594,7.803223070398643
joshscorcher,Top Ten Wind Bosses,2021-11-16 01:00:10+00:00,60397,2722,535,17,160.11764705882354,0.006245407788390889,5.420799046310247
joshscorcher,Ranking ALL Pokémon Villain Teams! [Tier List],2021-11-21 19:00:10+00:00,99395,3816,843,83,45.975903614457835,0.021750524109014676,4.770863725539514
joshscorcher,Top 15 Healers,2021-12-03 20:00:11+00:00,70429,3013,623,38,79.28947368421052,0.01261201460338533,5.21660111601755
joshscorcher,Top Ten 2021 FAILS,2022-01-01 20:00:09+00:00,199980,5756,2868,131,43.93893129770992,0.022758860319666434,4.377937793779378
joshscorcher,Ranking ALL Pokémon Starters! [Tier List] ft. Wambu,2022-01-15 20:00:13+00:00,159165,5351,1220,210,25.48095238095238,0.039245000934404785,4.260358747212012
joshscorcher,Top Ten Penultimate Bosses,2022-02-02 00:00:09+00:00,76476,3302,476,29,113.86206896551724,0.008782556026650516,4.978032323866311
joshscorcher,Top Ten Weirdly Sexy Bosses,2022-02-15 19:00:24+00:00,81593,3568,867,62,57.54838709677419,0.017376681614349777,5.511502212199576
joshscorcher,Top Ten Hated Games That Are Now Loved,2022-03-02 00:00:11+00:00,102760,4080,1472,72,56.666666666666664,0.01764705882352941,5.472946671856754
joshscorcher,Ari and Josh's Pokémon Smash or Pass Highlights!,2022-03-13 18:34:11+00:00,14131,681,71,6,113.5,0.00881057268722467,5.3640931285825495
joshscorcher,Top Ten Longest Bosses,2022-03-16 01:30:11+00:00,219751,6029,1080,57,105.7719298245614,0.009454304196384144,3.2609635451033214
joshscorcher,Top Ten Failed Heroes,2022-04-02 01:00:11+00:00,108884,4126,692,41,100.63414634146342,0.009936984973339797,4.462547298041953
joshscorcher,KH4 Reaction,2022-04-11 05:06:04+00:00,15969,714,191,9,79.33333333333333,0.012605042016806723,5.723589454568226
joshscorcher,Top Ten Nature Bosses,2022-04-15 19:00:11+00:00,55464,2582,406,14,184.42857142857142,0.005422153369481022,5.412519832684263
joshscorcher,Welcome to the Show as Abridged Clips ANIMATICS,2022-04-23 15:00:51+00:00,6812,399,55,7,57.0,0.017543859649122806,6.767469172049324
joshscorcher,Top Ten Sonic Levels,2022-05-01 23:00:11+00:00,45944,2461,287,20,123.05,0.008126777732629013,6.024725753090719
joshscorcher,Top Ten Sonic Characters,2022-05-09 19:00:11+00:00,64478,3321,820,37,89.75675675675676,0.011141222523336344,6.479729520146406
joshscorcher,Top Ten Sonic Bosses,2022-05-16 19:00:11+00:00,76481,3268,458,18,181.55555555555554,0.0055079559363525096,4.895333481518286
joshscorcher,Top Ten Sonic Games,2022-05-23 19:00:11+00:00,45177,2374,448,48,49.458333333333336,0.020219039595619208,6.35279013657392
joshscorcher,Pokémon Scarlet and Violet Trailer 2 Reaction,2022-06-01 16:57:59+00:00,28242,1314,305,7,187.71428571428572,0.00532724505327245,5.757382621627364
joshscorcher,Top Ten Duo Bosses,2022-07-01 22:27:01+00:00,58124,2542,464,17,149.52941176470588,0.006687647521636507,5.200949693758172
joshscorcher,Top Ten Fallen Heroes,2022-07-15 20:00:11+00:00,135445,4584,857,45,101.86666666666666,0.00981675392670157,4.05035254162206
joshscorcher,Top Ten Fire Bosses,2022-08-03 19:00:09+00:00,65181,2901,574,17,170.64705882352942,0.005860048259220959,5.3573894232982004
joshscorcher,Ranking BOX Pokémon Legendaries! [Tier List] ft. @CountShaman,2022-08-15 21:00:12+00:00,79163,2483,629,53,46.84905660377358,0.02134514699959726,3.9980799110695653
joshscorcher,Top Ten One-Shot Villains ft. @FawfulsMinionYT,2022-09-01 20:00:08+00:00,138413,4704,695,39,120.61538461538461,0.008290816326530613,3.928821714723328
joshscorcher,REACTION: Nintendo Direct 9.13.2022,2022-09-13 15:15:51+00:00,10965,369,66,7,52.714285714285715,0.018970189701897018,4.0310077519379846
joshscorcher,Top Ten Dragon Bosses,2022-09-16 02:00:11+00:00,88201,3398,646,28,121.35714285714286,0.00824014125956445,4.616727701499983
joshscorcher,Top Ten Fixed Games,2022-10-02 19:00:10+00:00,60655,2462,475,9,273.55555555555554,0.0036555645816409425,4.8569779902728545
joshscorcher,REACTION: The Super Mario Movie Trailer,2022-10-06 20:39:29+00:00,28641,1126,246,5,225.2,0.004440497335701598,4.8077930239865925
joshscorcher,Top Ten Demon Bosses,2022-10-15 22:00:07+00:00,99058,3259,631,35,93.11428571428571,0.010739490641301013,3.9623251024652224
joshscorcher,Top Ten Gruesome Disney Deaths,2022-10-31 23:00:08+00:00,124930,4928,987,42,117.33333333333333,0.008522727272727272,4.768270231329544
joshscorcher,Top Ten Holy Bosses,2022-11-15 23:30:08+00:00,72945,2799,523,11,254.45454545454547,0.003929974991068239,4.5691959695661115
joshscorcher,REACTION: The Super Mario Movie Trailer 2,2022-11-29 22:46:15+00:00,11335,393,82,2,196.5,0.005089058524173028,4.208204675782973
joshscorcher,Top Ten Remakes,2022-12-01 20:00:09+00:00,46180,2319,494,45,51.53333333333333,0.019404915912031046,6.188826331745345
joshscorcher,Top Ten Overshadowed Final Bosses,2022-12-15 20:00:08+00:00,98383,3182,612,36,88.38888888888889,0.011313639220615965,3.892948985088887
joshscorcher,two.mp4,2022-12-24 18:00:08+00:00,19992,1367,757,9,151.88888888888889,0.006583760058522311,10.669267707082833
joshscorcher,Friends and Family Pregnancy Reactions,2022-12-27 18:55:02+00:00,69207,3430,1466,33,103.93939393939394,0.009620991253644314,7.122111925094282
joshscorcher,Top Ten 2022 Fails,2023-01-01 23:00:06+00:00,287294,7860,1909,113,69.5575221238938,0.014376590330788804,3.4396819982317766
joshscorcher,Gauntlet Dark Legacy Highlights Part 1,2023-01-08 16:00:33+00:00,7402,279,53,5,55.8,0.017921146953405017,4.552823561199676
joshscorcher,Top 15 Giant Bosses,2023-01-15 20:00:06+00:00,111565,3550,568,56,63.392857142857146,0.015774647887323943,3.7413167211939227
joshscorcher,Gauntlet Dark Legacy Highlights Part 2,2023-01-22 16:00:32+00:00,5259,203,15,1,203.0,0.0049261083743842365,4.1642897889332575
joshscorcher,Top Ten Gaming Crushes,2023-02-01 21:00:08+00:00,66911,3190,642,52,61.34615384615385,0.016300940438871474,5.804725680381402
joshscorcher,Gauntlet Dark Legacy Highlights Part 3,2023-02-08 16:00:02+00:00,3874,161,24,4,40.25,0.024844720496894408,4.878678368611254
joshscorcher,REACTION: Nintendo Direct 2.8.2023,2023-02-08 23:05:51+00:00,11978,388,69,8,48.5,0.020618556701030927,3.8821172148939724
joshscorcher,Top Ten Sexy Male Bosses,2023-02-15 20:00:07+00:00,44186,2275,420,38,59.86842105263158,0.016703296703296705,6.185217037070565
joshscorcher,Gauntlet Dark Legacy Highlights Part 4,2023-02-22 16:00:33+00:00,3338,167,32,1,167.0,0.005988023952095809,5.991611743559018
joshscorcher,Top Ten Introductory Games,2023-03-01 20:00:08+00:00,35649,1842,432,32,57.5625,0.01737242128121607,6.4686246458526195
joshscorcher,Gauntlet Dark Legacy Highlights Part 5,2023-03-08 16:00:06+00:00,2977,121,17,1,121.0,0.008264462809917356,4.669129996640914
joshscorcher,Top Ten Recurring Bosses,2023-03-15 20:30:08+00:00,78639,3171,504,40,79.275,0.01261431725007884,4.724119075776651
joshscorcher,Gauntlet Dark Legacy Highlights Part 6,2023-03-22 15:00:15+00:00,2816,156,20,3,52.0,0.019230769230769232,6.356534090909091
joshscorcher,"Trump, Obama, and Biden make Kingdom Hearts Game Tier List (April Fools AI)",2023-04-01 15:00:08+00:00,13374,490,58,32,15.3125,0.0653061224489796,4.336772842829371
joshscorcher,Top Ten Hard But Fun Games,2023-04-02 19:00:08+00:00,58222,2278,423,44,51.77272727272727,0.019315188762071993,4.714712651575006
joshscorcher,Top Ten AI Bosses,2023-04-15 21:00:07+00:00,64048,2540,459,24,105.83333333333333,0.009448818897637795,4.719897576817387
joshscorcher,Top 5 Best and Worst Zelda Dungeons,2023-05-05 19:00:09+00:00,85608,2692,436,105,25.63809523809524,0.03900445765230312,3.776516213437996
joshscorcher,Top 10 Best Zelda Games,2023-05-11 19:00:10+00:00,44122,1860,293,61,30.491803278688526,0.032795698924731186,5.017904900049862
joshscorcher,Top 10 Zelda Bosses,2023-05-18 19:00:10+00:00,55593,2187,234,39,56.07692307692308,0.01783264746227709,4.425017538179267
joshscorcher,"IT WAS SUPPOSED TO BE ME, SIDON!!",2023-05-26 15:00:12+00:00,13552,667,68,4,166.75,0.005997001499250375,5.453069657615113
joshscorcher,Top 10 Zelda Characters,2023-05-26 19:00:10+00:00,40197,1870,315,6,311.6666666666667,0.0032085561497326204,5.450655521556335
joshscorcher,Critical Role Zelda One-Shot Reaction #zeldamonth,2023-05-31 06:07:53+00:00,6439,173,29,3,57.666666666666664,0.017341040462427744,3.183724180773412
joshscorcher,SPOILERS - Zelda's fate in Tears of the Kingdom,2023-06-13 15:00:16+00:00,7436,404,101,2,202.0,0.0049504950495049506,6.8181818181818175
joshscorcher,Top Ten Best Video Game Fathers,2023-06-18 19:00:10+00:00,67244,3271,542,5,654.2,0.001528584530724549,5.677829992266968
joshscorcher,REACTION: Nintendo Direct 6.21.2023,2023-06-21 14:56:22+00:00,16178,527,98,19,27.736842105263158,0.036053130929791274,3.9807145506243042
joshscorcher,Best and Worst Baby Pokémon,2023-07-01 19:00:07+00:00,46296,2220,445,19,116.84210526315789,0.008558558558558558,5.797477103853465
joshscorcher,Josh's 31st Birthday Stream!,2023-07-06 19:43:56+00:00,2643,122,29,4,30.5,0.03278688524590164,5.864547862277715
joshscorcher,Top Ten Squad Bosses,2023-07-15 19:00:08+00:00,55966,2298,397,11,208.9090909090909,0.004786771105308964,4.835078440481721
joshscorcher,Top Ten Games That Fell From Grace,2023-08-01 19:00:07+00:00,59613,2418,965,61,39.63934426229508,0.025227460711331678,5.77726334859846
joshscorcher,Top Ten Surprise Bosses,2023-08-15 22:00:08+00:00,78463,3065,475,33,92.87878787878788,0.010766721044045677,4.553738704867262
joshscorcher,Top Ten Worst Video Game Villains,2023-09-01 16:15:09+00:00,223851,6334,1915,233,27.184549356223176,0.036785601515629936,3.7891275893339764
joshscorcher,Top Ten Prehistoric Bosses,2023-09-15 18:30:08+00:00,45832,2170,439,20,108.5,0.009216589861751152,5.736166870308955
joshscorcher,I GOT RAILROADED | Josh Plays Pokémon Scarlet Part 9,2023-09-20 22:53:49+00:00,4328,109,49,4,27.25,0.03669724770642202,3.743068391866913
joshscorcher,All Live A Live Chapters RANKED,2023-09-22 18:15:10+00:00,29508,948,233,39,24.307692307692307,0.04113924050632911,4.134472007591162
joshscorcher,We killed a Hag!!! | Baldur's Gate III Part 7,2023-09-23 21:36:32+00:00,1211,37,1,0,,0.0,3.137902559867878
joshscorcher,Hana Wormwood vs. Mind Flayers | Baldur's Gate III SPECIAL,2023-09-26 00:36:37+00:00,2529,82,6,0,,0.0,3.479636219849743
joshscorcher,I can't believe this DLC is free | Sonic Frontiers Part 7,2023-09-30 22:43:19+00:00,3935,107,7,0,,0.0,2.8970775095298604
joshscorcher,Top Ten Dark Forms,2023-10-01 17:00:10+00:00,64820,2850,447,10,285.0,0.0035087719298245615,5.101820425794508
joshscorcher,THE UNDERDARK | Baldur's Gate III Part 8,2023-10-03 08:12:15+00:00,1018,29,0,0,,0.0,2.848722986247544
joshscorcher,Flannery is our Waifu! - Pokémon Academy Life Part 3,2023-10-09 19:28:00+00:00,3795,102,8,0,,0.0,2.898550724637681
joshscorcher,You can date Latias?! - Pokémon Academy Life Part 4,2023-10-13 22:16:53+00:00,3169,93,10,0,,0.0,3.250236667718523
joshscorcher,Hana Wormwood vs. Mind Flayers Part 2 | Baldur's Gate III SPECIAL,2023-10-14 23:48:37+00:00,1170,45,0,0,,0.0,3.8461538461538463
joshscorcher,Top Ten Devil Bosses 😈,2023-10-15 19:30:06+00:00,61468,2557,400,19,134.57894736842104,0.007430582714118107,4.841543567384655
joshscorcher,Exiting the Wizard's Tower | Baldur's Gate III Part 9,2023-10-16 21:08:36+00:00,904,33,1,0,,0.0,3.761061946902655
joshscorcher,hAhA mArIo'S oN sHrOoMs LAWL | Mario Bros Wonder Part 1,2023-10-20 21:47:47+00:00,5525,176,21,0,,0.0,3.5656108597285066
joshscorcher,This game is so creative! | Mario Bros Wonder Part 2,2023-10-21 20:36:16+00:00,2682,74,14,0,,0.0,3.2811334824757643
joshscorcher,I love this game! | Mario Bros Wonder Part 3,2023-10-23 20:54:42+00:00,2595,65,7,0,,0.0,2.7745664739884393
joshscorcher,Let's Finish Special World! | Mario Bros Wonder Part 4,2023-10-27 21:06:55+00:00,1823,53,1,0,,0.0,2.9621503017004938
joshscorcher,"Alright, jumped the gun...| Mario Bros Wonder Part 5",2023-10-30 19:45:29+00:00,1880,58,0,0,,0.0,3.0851063829787235
joshscorcher,Top Ten Surprisingly Dark Moments,2023-10-31 18:30:07+00:00,101903,3751,583,31,121.0,0.008264462809917356,4.283485275212702
joshscorcher,Hana Wormwood in Baldur's Gate III Part 3,2023-11-04 23:02:08+00:00,1075,44,0,0,,0.0,4.093023255813953
joshscorcher,The Cost of the Crown Animatic,2023-11-06 17:53:49+00:00,16661,730,42,14,52.142857142857146,0.019178082191780823,4.71760398535502
joshscorcher,Leaf is... a character... - Pokémon Academy Life Part 5,2023-11-10 21:54:09+00:00,2899,91,2,0,,0.0,3.2080027595722664
joshscorcher,Schooltime Shenanigans - Pokémon Academy Life Part 6,2023-11-12 23:44:00+00:00,2386,95,3,0,,0.0,4.107292539815591
joshscorcher,The School Elections! - Pokémon Academy Life Part 7,2023-11-14 23:44:49+00:00,3369,86,11,0,,0.0,2.879192638765212
joshscorcher,Top Ten God Bosses,2023-11-15 23:00:08+00:00,79120,3283,449,31,105.90322580645162,0.009442583003350593,4.756066734074823
joshscorcher,Goin Old-School! | Super Mario RPG Remake Part 1,2023-11-17 22:42:40+00:00,5036,158,25,0,,0.0,3.6338363780778398
joshscorcher,Going After Bowyer | Super Mario RPG Remake Part 2,2023-11-20 07:42:34+00:00,2445,86,8,0,,0.0,3.8445807770961147
joshscorcher,Love Triangle | Super Mario RPG Remake Part 3,2023-11-20 22:34:52+00:00,2152,72,5,0,,0.0,3.578066914498141
joshscorcher,Off to Monstro Town! | Super Mario RPG Remake Part 4,2023-11-24 20:52:31+00:00,1623,49,6,0,,0.0,3.3887861983980283
joshscorcher,Hana Wormwood in Baldur's Gate III Part 4,2023-11-26 00:08:21+00:00,1019,45,1,0,,0.0,4.5142296368989205
joshscorcher,Thwarting an usurpation | Super Mario RPG Remake Part 5,2023-11-27 22:04:19+00:00,1688,56,3,0,,0.0,3.495260663507109
joshscorcher,Endgame! | Super Mario RPG Remake Part 6,2023-12-01 21:17:47+00:00,2456,87,3,0,,0.0,3.664495114006515
joshscorcher,Top Ten Gaming Mentors,2023-12-01 22:00:07+00:00,35895,1913,222,12,159.41666666666666,0.006272869837950863,5.981334447694666
joshscorcher,Return to Kobukan! - Pokémon Academy Life Part 8,2023-12-05 22:18:53+00:00,1919,58,8,0,,0.0,3.4392912975508074
joshscorcher,VS. Dawn! - Pokémon Academy Life Part 9,2023-12-08 21:06:26+00:00,2998,78,13,0,,0.0,3.0353569046030686
joshscorcher,Slay The Princess Blind Playthrough!,2023-12-10 11:20:34+00:00,6919,243,30,3,81.0,0.012345679012345678,3.9890157537216364
joshscorcher,Makin' Music | Hi-Fi Rush Part 1,2023-12-12 12:05:45+00:00,8330,254,27,2,127.0,0.007874015748031496,3.397358943577431
joshscorcher,Fails Fill Us All With Ire (Billy Joel Parody),2023-12-13 19:50:11+00:00,19047,858,140,5,171.6,0.005827505827505828,5.265921142437129
joshscorcher,Top Ten Hard But Fair Bosses,2023-12-15 18:00:11+00:00,60210,2618,328,37,70.75675675675676,0.01413292589763178,4.954326523833251
joshscorcher,Hana Wormwood in Baldur's Gate III Part 5,2023-12-17 00:11:41+00:00,846,40,0,0,,0.0,4.7281323877068555
joshscorcher,Welcome to the Industry (Bo Burnham Parody),2023-12-20 16:00:10+00:00,29664,1603,147,16,100.1875,0.009981285090455396,5.95334412081985
joshscorcher,Pokémon Tier Lists - Paldea Update,2023-12-23 19:00:07+00:00,35602,1498,338,43,34.83720930232558,0.02870493991989319,5.277793382394248
joshscorcher,THE MEME | Hi-Fi Rush Part 2,2023-12-24 16:14:58+00:00,5935,160,12,4,40.0,0.025,2.9654591406908173
joshscorcher,A Little List (Parody of Gilbert and Sullivan),2023-12-27 16:00:19+00:00,60722,2061,192,33,62.45454545454545,0.01601164483260553,3.7646981324725797
joshscorcher,Korsica Is Now On Our Team! | Hi-Fi Rush Part 3,2023-12-27 19:34:40+00:00,5397,149,21,3,49.666666666666664,0.020134228187919462,3.2054845284417266
joshscorcher,Top Ten 2023 FAILS,2024-01-01 19:00:09+00:00,167744,5189,2018,84,61.773809523809526,0.016188090190788207,4.346504196871423
joshscorcher,DOCTOR OCTAGONAPUS | Hi-Fi Rush Part FINAL,2024-01-01 22:29:50+00:00,4545,151,12,0,,0.0,3.586358635863587
joshscorcher,Ultimate Fails of 2023 (Parody of Lemon Demon),2024-01-03 19:00:04+00:00,36431,1186,141,4,296.5,0.003372681281618887,3.6534819247344292
joshscorcher,Choice Based Pokémon Game? | Pokémon Phoenix Rising,2024-01-05 23:02:03+00:00,2213,70,2,0,,0.0,3.253502033438771
joshscorcher,Hana Wormwood in Baldur's Gate III Part 6,2024-01-07 00:11:19+00:00,980,44,0,0,,0.0,4.489795918367347
joshscorcher,Haunted Swamp | Pokémon Phoenix Rising Part 2,2024-01-08 22:40:40+00:00,947,48,1,0,,0.0,5.174234424498416
joshscorcher,Epilogue | Josh Plays Pokémon Scarlet Part 12,2024-01-12 22:05:26+00:00,6762,188,86,4,47.0,0.02127659574468085,4.111209701271814
joshscorcher,Top Ten Annoying Bosses,2024-01-15 19:30:09+00:00,131776,4223,940,95,44.45263157894737,0.02249585602652143,3.9901044196211752
joshscorcher,DAD OF BOI | God of War Ragnarok Part 1,2024-01-16 11:55:04+00:00,3684,101,16,0,,0.0,3.175895765472313
joshscorcher,The Most Epic Handholding | God of War Ragnarok Part 2,2024-01-20 11:03:03+00:00,1223,37,8,0,,0.0,3.679476696647588
joshscorcher,OBS Keeps Crashing | God of War Ragnarok Part 2.5,2024-01-20 15:18:35+00:00,1538,46,5,0,,0.0,3.3159947984395317
joshscorcher,They call it a MINE | God of War Ragnarök Part 3,2024-01-20 23:09:23+00:00,1547,50,2,0,,0.0,3.361344537815126
joshscorcher,Fixing the Nine Realms AND My PC | God of War Ragnarök Part 4,2024-01-22 23:26:39+00:00,1525,44,3,0,,0.0,3.081967213114754
joshscorcher,Hana Wormwood in Baldur's Gate III Part 7,2024-01-27 22:55:26+00:00,847,42,2,0,,0.0,5.194805194805195
joshscorcher,Praying For No Issues | God of War Ragnarök Part 5,2024-01-29 19:11:26+00:00,1669,42,6,0,,0.0,2.8759736369083284
joshscorcher,Top Ten Rivalries,2024-02-01 18:30:10+00:00,74249,3371,680,22,153.22727272727272,0.006526253337288638,5.485595765599537
joshscorcher,"In the Jungle, The Mighty Jungle | God of War Ragnarök Part 6",2024-02-13 23:41:10+00:00,1393,53,3,0,,0.0,4.0201005025125625
joshscorcher,Top Ten Sexy Female Bosses,2024-02-14 22:00:07+00:00,52824,2769,482,49,56.51020408163265,0.01769591910436981,6.247160381644707
joshscorcher,The Enemy of My Enemy | God of War Ragnarök Part 7,2024-02-16 23:24:46+00:00,1569,48,5,0,,0.0,3.3779477374123643
joshscorcher,In Aesir Country | God of War Ragnarök Part 8,2024-02-17 22:52:54+00:00,1567,40,9,1,40.0,0.025,3.190810465858328
joshscorcher,What a mess | God of War Ragnarök Part 9,2024-02-19 23:14:36+00:00,1688,49,7,0,,0.0,3.3175355450236967
joshscorcher,REACTION: Nintendo Direct 2.21.2024,2024-02-21 14:51:42+00:00,8162,269,61,22,12.227272727272727,0.08178438661710037,4.31266846361186
joshscorcher,REACTION: Pokémon Presents 2.27.2024,2024-02-27 15:26:40+00:00,7821,299,68,9,33.22222222222222,0.030100334448160536,4.80756936453139
joshscorcher,Top Ten Good Retcons,2024-03-01 19:30:08+00:00,110314,4535,727,108,41.99074074074074,0.023814773980154354,4.867922475841689
joshscorcher,Icy Date | God of War Ragnarök Part 10,2024-03-01 23:07:08+00:00,1700,46,4,0,,0.0,2.941176470588235
joshscorcher,Hana Wormwood in Baldur's Gate III Part 8,2024-03-03 00:00:47+00:00,788,33,2,0,,0.0,4.441624365482234
joshscorcher,SPEAR | God of War Ragnarök Part 11,2024-03-05 23:54:30+00:00,1760,54,7,0,,0.0,3.465909090909091
joshscorcher,Hugs | God of War Ragnarök Part 12,2024-03-08 23:08:14+00:00,1740,67,6,0,,0.0,4.195402298850575
joshscorcher,Ragnarök Comes | God of War Ragnarök Part 13,2024-03-09 23:18:21+00:00,2080,66,6,0,,0.0,3.4615384615384617
joshscorcher,The Finale | God of War Ragnarök Part 14,2024-03-11 22:19:30+00:00,2228,64,7,0,,0.0,3.1867145421903054
joshscorcher,Top Ten Brawler Bosses,2024-03-15 18:00:06+00:00,50858,2330,303,5,466.0,0.002145922746781116,5.18699123048488
joshscorcher,Valhalla | God of War Ragnarök FINAL PART,2024-03-15 21:59:24+00:00,1809,62,11,0,,0.0,4.035378662244334
joshscorcher,Back to the Past | Sonic P-06,2024-03-16 21:38:57+00:00,3614,140,14,1,140.0,0.007142857142857143,4.288876591034865
joshscorcher,Curse of Strahd Revamped Part 1: Lionsmouth Cleanup,2024-03-18 04:21:48+00:00,1683,59,12,0,,0.0,4.21865715983363
joshscorcher,Rollercoaster Tycoon Chill Stream,2024-03-19 11:04:54+00:00,2026,70,10,0,,0.0,3.948667324777887
joshscorcher,Blooper Reel (Feb and March 2024),2024-03-22 18:00:15+00:00,5708,461,35,2,230.5,0.004338394793926247,8.724597056762438
joshscorcher,Let's See What She's Got! | Princess Peach Showtime Part 1,2024-03-23 09:59:22+00:00,6802,191,37,1,191.0,0.005235602094240838,3.366656865627757
joshscorcher,I'm loving this game! | Princess Peach Showtime Part 2,2024-03-25 21:49:12+00:00,4022,115,18,2,57.5,0.017391304347826087,3.356539035305818
joshscorcher,Home Stretch! | Princess Peach Showtime Part 3,2024-03-29 20:38:43+00:00,2168,91,8,0,,0.0,4.566420664206642
joshscorcher,Hana Wormwood in Baldur's Gate III Part 9,2024-03-30 22:23:53+00:00,845,35,0,0,,0.0,4.142011834319527
joshscorcher,Top Ten Fan-Made Villain Songs,2024-04-01 18:30:06+00:00,681254,23032,2113,497,46.3420523138833,0.021578673150399446,3.763941202547068
joshscorcher,Rollercoaster Tycoon Chill Stream 2,2024-04-05 22:08:46+00:00,1316,63,3,0,,0.0,5.015197568389058
joshscorcher,Ari's Pokémon Infinite Fusion Part 1,2024-04-06 21:40:46+00:00,3703,137,17,1,137.0,0.0072992700729927005,4.185795301107211
joshscorcher,Rollercoaster Tycoon Chill Stream 3,2024-04-12 21:37:22+00:00,893,48,2,0,,0.0,5.599104143337066
joshscorcher,Ari's Pokémon Infinite Fusion Part 2: Cerulean City,2024-04-13 22:13:14+00:00,1447,59,4,0,,0.0,4.353835521769177
joshscorcher,Top Ten Illusion Bosses,2024-04-15 18:30:06+00:00,45738,2221,336,42,52.88095238095238,0.01891040072039622,5.682364773273864
joshscorcher,Rollercoaster Tycoon Chill Stream 4,2024-04-15 22:16:20+00:00,1190,45,4,0,,0.0,4.117647058823529
joshscorcher,Ari's Pokémon Infinite Fusion Part 3: First Offscreen Grind!,2024-04-26 22:03:55+00:00,1032,43,3,0,,0.0,4.457364341085271
joshscorcher,Rollercoaster Tycoon Chill Stream 5 BECAUSE MOVING,2024-04-29 20:41:22+00:00,891,46,3,0,,0.0,5.499438832772166
joshscorcher,Triple Top Five Weapons,2024-05-01 19:00:06+00:00,41472,2116,401,36,58.77777777777778,0.017013232514177693,6.155960648148148
joshscorcher,The Next Nier Automata? | Stellar Blade Part 1,2024-05-04 08:30:22+00:00,1833,53,12,4,13.25,0.07547169811320754,3.764320785597381
joshscorcher,Ari's Pokémon Infinite Fusion Part 4: To Celadon,2024-05-04 22:14:05+00:00,1102,40,3,0,,0.0,3.901996370235935
joshscorcher,Curse of Strahd Revamped Part 2: The Durst House,2024-05-06 04:26:46+00:00,1005,42,5,0,,0.0,4.676616915422885
joshscorcher,Blooper Reel (March and April 2024),2024-05-07 19:00:24+00:00,5494,342,40,4,85.5,0.011695906432748537,7.025846377866764
joshscorcher,DEATH TO CHRONOS | Hades II Part 1,2024-05-07 21:11:58+00:00,3506,116,15,2,58.0,0.017241379310344827,3.7934968625213923
joshscorcher,SCYLLA DESTROYED OUR STREAM | Hades II Part 1.5,2024-05-08 10:23:40+00:00,1944,82,4,1,82.0,0.012195121951219513,4.4753086419753085
joshscorcher,Ari's Pokémon Infinite Fusion Part 5: Saffron and Beyond!,2024-05-10 20:26:24+00:00,780,43,4,0,,0.0,6.0256410256410255
joshscorcher,Fire Emblem Three Houses Characters Ranked ft. Alex Rochon,2024-05-11 17:30:06+00:00,41804,1164,416,90,12.933333333333334,0.07731958762886598,3.9948330303320256
joshscorcher,Time Only Knows | Hades II Part 2,2024-05-11 22:26:24+00:00,2345,64,12,0,,0.0,3.2409381663113
joshscorcher,The Night the Time Titan Dies | Hades II Part 3,2024-05-13 22:05:00+00:00,1988,66,3,0,,0.0,3.470824949698189
joshscorcher,F^&K YOU ERIS | Hades II Part 4,2024-05-14 22:16:29+00:00,1728,63,5,0,,0.0,3.935185185185185
joshscorcher,Top Ten Personal Bosses,2024-05-15 18:00:06+00:00,92918,3431,639,6,571.8333333333334,0.0017487612940833576,4.386663509761295
joshscorcher,Can we defeat Time? | Hades II Part 5,2024-05-17 21:54:28+00:00,1526,56,2,0,,0.0,3.800786369593709
joshscorcher,Alternating Between Surface and Underworld | Hades II Part 6,2024-05-20 22:04:16+00:00,1968,69,11,0,,0.0,4.0650406504065035
joshscorcher,Monthly Q&A (May 2024),2024-05-22 14:20:02+00:00,1395,54,9,0,,0.0,4.516129032258064
joshscorcher,It's here! | Thousand Year Door Remake Part 1,2024-05-25 10:13:34+00:00,4398,128,32,2,64.0,0.015625,3.6834924965893587
joshscorcher,Hooktail's Going DOWN! | Thousand Year Door Remake Part 2,2024-05-25 22:09:44+00:00,2840,96,33,0,,0.0,4.542253521126761
joshscorcher,Ari's Pokémon Infinite Fusion Part 7: Mayyyybe Cinnabar?,2024-05-26 21:56:40+00:00,796,44,6,0,,0.0,6.281407035175879
joshscorcher,Curse of Strahd Revamped Part 3: The Durst Dungeon,2024-05-27 03:44:40+00:00,776,26,3,0,,0.0,3.7371134020618557
joshscorcher,Great Boggly Tree | Thousand Year Door Remake Part 3,2024-05-27 22:09:49+00:00,2469,64,8,0,,0.0,2.916160388821385
joshscorcher,Monthly Reaction Stream (May 2024),2024-05-29 13:15:56+00:00,1665,59,11,0,,0.0,4.2042042042042045
joshscorcher,Monthly Reaction Stream (May 2024) POWER OUTAGE,2024-05-29 14:24:34+00:00,1368,46,7,0,,0.0,3.874269005847953
joshscorcher,Glitz Pit | Thousand Year Door Remake Part 4,2024-05-31 21:44:14+00:00,1996,65,5,0,,0.0,3.5070140280561124
joshscorcher,Top Ten Psychopaths,2024-06-01 18:00:06+00:00,104092,3827,887,22,173.95454545454547,0.005748628168278025,4.549821311916381
joshscorcher,RAWK HAWK | Thousand Year Door Remake Part 5,2024-06-01 21:08:41+00:00,2663,83,7,0,,0.0,3.3796470146451374
joshscorcher,Did they fix the backtracking? | Thousand Year Door Remake Part 6,2024-06-03 22:08:56+00:00,4182,108,34,0,,0.0,3.3955045432807274
joshscorcher,Doopliss voiced by Bill Cipher?,2024-06-04 16:17:43+00:00,13393,816,108,0,,0.0,6.8991264093183
joshscorcher,AMIGO | Thousand Year Door Remake Part 7,2024-06-07 21:40:28+00:00,1977,69,14,0,,0.0,4.198280222559434
joshscorcher,Ari Birthday Stream 2024!,2024-06-09 10:01:45+00:00,1787,93,17,1,93.0,0.010752688172043012,6.21152770005596
joshscorcher,NOT SPYRO | Glyde the Dragon Part 1,2024-06-13 18:34:40+00:00,2376,78,16,0,,0.0,3.9562289562289563
joshscorcher,*pirate noises* | Thousand Year Door Remake Part 8,2024-06-14 21:35:31+00:00,1651,62,11,0,,0.0,4.421562689279225
joshscorcher,Top Ten Player Bosses,2024-06-15 18:00:06+00:00,118687,5027,630,71,70.80281690140845,0.014123731848020689,4.826139341292643
joshscorcher,Pokémon Mystery Dungeon Part 2,2024-06-15 21:53:25+00:00,1086,43,5,0,,0.0,4.41988950276243
joshscorcher,REACTION: Nintendo Direct 6.18.024,2024-06-18 15:02:29+00:00,15988,554,106,9,61.55555555555556,0.016245487364620937,4.184388291218414
joshscorcher,Death Battle Friendship Tier List!,2024-06-19 03:32:05+00:00,6403,159,25,3,53.0,0.018867924528301886,2.920506012806497
joshscorcher,Choo-Choo | Thousand Year Door Remake Part 9,2024-06-21 21:49:25+00:00,1820,64,15,0,,0.0,4.34065934065934
joshscorcher,Pokémon Mystery Dungeon Part 3,2024-06-22 22:00:52+00:00,971,42,1,0,,0.0,4.42842430484037
joshscorcher,Curse of Strahd Revamped Part 4: The Village of Barovia,2024-06-24 03:42:43+00:00,901,39,2,0,,0.0,4.550499445061043
joshscorcher,Monthly Reactions! (June 2024),2024-06-26 14:30:30+00:00,2725,95,15,0,,0.0,4.036697247706423
joshscorcher,The Smaller One From Las Vegas | Thousand Year Door Remake Part 10,2024-06-28 22:00:37+00:00,1625,60,14,0,,0.0,4.5538461538461545
joshscorcher,Pokémon Mystery Dungeon Part 4,2024-06-29 22:17:32+00:00,1101,43,3,1,43.0,0.023255813953488372,4.268846503178928
joshscorcher,Top Ten Kirby Bosses #KirbyMonth,2024-07-01 18:30:06+00:00,85404,3526,477,46,76.65217391304348,0.013045944412932501,4.740995737904548
joshscorcher,The Shadow Queen's Lair | Thousand Year Door Remake Part 11,2024-07-01 21:59:20+00:00,2174,64,6,0,,0.0,3.219871205151794
joshscorcher,Top Ten Kirby Games #kirbymonth,2024-07-08 18:00:06+00:00,43426,2176,391,33,65.93939393939394,0.015165441176470588,5.987196610325611
joshscorcher,What's this? | In Stars and Time Part 1,2024-07-14 10:14:38+00:00,2631,96,9,0,,0.0,3.990877993158495
joshscorcher,Top Ten* Kirby Copy Abilities #kirbymonth,2024-07-15 19:00:06+00:00,44833,2162,333,27,80.07407407407408,0.012488436632747455,5.625320634354159
joshscorcher,Monthly Q&A (July 2024),2024-07-17 16:22:49+00:00,1211,48,11,0,,0.0,4.872006606110652
joshscorcher,It's GROUNDHOG DAYYYY | In Stars and Time Part 2,2024-07-19 11:04:29+00:00,1415,50,6,0,,0.0,3.9575971731448765
joshscorcher,Level 3... ish? | In Stars and Time Part 3,2024-07-19 22:11:16+00:00,1308,54,4,0,,0.0,4.434250764525994
joshscorcher,Curse of Strahd Revamped Part 5: The Village of Barovia 2,2024-07-22 04:16:04+00:00,872,45,2,0,,0.0,5.389908256880735
joshscorcher,Monthly Q&A (August 2024) Community Guidelines Strike?!,2024-07-24 15:33:54+00:00,1267,46,10,0,,0.0,4.41988950276243
joshscorcher,The Power To Reset | In Stars and Time Part 4,2024-07-24 22:14:42+00:00,1312,58,5,0,,0.0,4.801829268292683
joshscorcher,Top Ten Kirby Characters ft. @CountShaman,2024-07-25 19:00:06+00:00,56141,2443,361,6,407.1666666666667,0.0024559967253376994,5.005254626743378
joshscorcher,The Final Loop(?) | In Stars and Time Part 5,2024-07-27 22:44:33+00:00,1352,52,4,0,,0.0,4.142011834319527
joshscorcher,SANITY CRITICALLY LOW | In Stars and Time Part 6,2024-08-01 23:10:31+00:00,1413,50,8,0,,0.0,4.104741684359519
joshscorcher,The Groundhog Grind | In Stars and Time Part 7,2024-08-02 22:23:51+00:00,1341,48,8,0,,0.0,4.175988068605518
joshscorcher,This should end it... right? RIGHT?! | In Stars and Time Part 8,2024-08-03 22:52:11+00:00,2096,68,11,0,,0.0,3.769083969465649
joshscorcher,This looks like fun! | Billie Bust Up ALPHA Part 1,2024-08-08 09:35:40+00:00,5252,173,26,2,86.5,0.011560693641618497,3.8271134805788267
joshscorcher,Waiting for it to download... | Astral Chain Part 1,2024-08-10 01:02:38+00:00,2064,79,10,0,,0.0,4.312015503875969
joshscorcher,Playing Co-Op with... myself? | Astral Chain Part 2,2024-08-10 22:30:26+00:00,1202,60,3,0,,0.0,5.241264559068219
joshscorcher,Curse of Strahd Revamped Part 6: The Village of Barovia 3,2024-08-12 04:36:31+00:00,773,37,2,0,,0.0,5.045278137128072
joshscorcher,Got Our Second Pokémon | Astral Chain Part 3,2024-08-13 22:40:49+00:00,1118,52,4,0,,0.0,5.008944543828265
joshscorcher,For Fans Of: Knock on the Coffin Lid,2024-08-13 23:03:54+00:00,3225,250,28,4,62.5,0.016,8.744186046511627
joshscorcher,Five Great Villain Songs Vol. I,2024-08-15 18:00:06+00:00,151122,4997,497,33,151.42424242424244,0.006603962377426456,3.65730998795675
joshscorcher,I hope this gets better | Astral Chain Part 4,2024-08-16 22:49:29+00:00,1086,51,4,0,,0.0,5.064456721915286
joshscorcher,It got better | Astral Chain Part 5,2024-08-19 22:57:50+00:00,1225,46,2,0,,0.0,3.9183673469387754
joshscorcher,Monthly Q&A (August2024),2024-08-21 15:54:53+00:00,940,41,5,0,,0.0,4.8936170212765955
joshscorcher,There's Two Now | Astral Chain Part 6,2024-08-24 22:34:22+00:00,992,47,6,0,,0.0,5.342741935483871
joshscorcher,REACTION: Nintendo Direct + Indie World 8.27.2024,2024-08-27 14:52:59+00:00,5987,192,36,3,64.0,0.015625,3.8583597795222984
joshscorcher,SONIC THE HEDGEHOG 3 TRAILER REACTION,2024-08-27 15:13:17+00:00,19896,1172,286,7,167.42857142857142,0.005972696245733789,7.363289103337355
joshscorcher,These minigames... -_- . | Astral Chain Part 7,2024-08-30 22:35:49+00:00,906,38,5,0,,0.0,4.746136865342163
joshscorcher,And it's good again! | Astral Chain Part 8,2024-08-31 22:45:25+00:00,1062,44,4,0,,0.0,4.519774011299435
joshscorcher,Top Ten Remasters,2024-09-01 18:00:07+00:00,32602,1814,393,24,75.58333333333333,0.013230429988974642,6.843138457763327
joshscorcher,Time to end this! | Astral Chain FINALE,2024-09-02 19:49:27+00:00,1247,52,5,0,,0.0,4.570970328789094
joshscorcher,Proto-Goku! | Black Myth: Wukong Part 1,2024-09-06 22:21:52+00:00,1847,74,10,0,,0.0,4.547915538711424
joshscorcher,Beating up Snakes and Necromancers | Black Myth: Wukong Part 2,2024-09-13 22:40:21+00:00,1012,39,3,0,,0.0,4.150197628458498
joshscorcher,Top Ten Earth Bosses,2024-09-15 18:00:06+00:00,39364,2098,349,6,349.6666666666667,0.002859866539561487,6.23158215628493
joshscorcher,Curse of Strahd Revamped Part 7: Road to Vallaki,2024-09-16 04:17:54+00:00,899,43,3,0,,0.0,5.116796440489433
joshscorcher,SPAAAAAACE | Astrobot Part 1,2024-09-17 21:44:03+00:00,4587,104,18,0,,0.0,2.659690429474602
joshscorcher,Monthly Q&A (September 2024),2024-09-20 15:16:55+00:00,968,37,4,0,,0.0,4.235537190082645
joshscorcher,Do You Want Starfire VS Blaze?,2024-09-20 17:00:21+00:00,16590,548,126,11,49.81818181818182,0.020072992700729927,4.128993369499699
joshscorcher,Fun is Allowed! | Astrobot Part 2,2024-09-24 21:18:02+00:00,3160,80,15,0,,0.0,3.0063291139240507
joshscorcher,Good | Zelda: Echoes of Wisdom Part 1,2024-09-28 00:13:38+00:00,3689,117,16,0,,0.0,3.6053130929791273
joshscorcher,Gerudo Desert | Zelda: Echoes of Wisdom Part 2,2024-09-28 21:06:23+00:00,2205,71,10,0,,0.0,3.6734693877551026
joshscorcher,Top Ten Darkest Zelda Moments,2024-10-01 19:00:21+00:00,42335,2173,343,11,197.54545454545453,0.0050621260929590425,5.9690563363647104
joshscorcher,Zora Territory | Zelda: Echoes of Wisdom Part 3,2024-10-01 22:40:25+00:00,2701,78,17,0,,0.0,3.517215845982969
joshscorcher,Deku Territory | Zelda: Echoes of Wisdom Part 4,2024-10-04 21:08:48+00:00,1904,65,4,0,,0.0,3.623949579831933
joshscorcher,Goron Territory | Zelda: Echoes of Wisdom Part 5,2024-10-05 21:25:18+00:00,1934,55,10,0,,0.0,3.3609100310237854
joshscorcher,Yeti Territory | Zelda: Echoes of Wisdom FINAL PART,2024-10-08 21:59:08+00:00,2061,65,11,0,,0.0,3.6875303250849103
joshscorcher,Support @InkRose! | Noiramore Academy Demo,2024-10-12 09:29:28+00:00,3756,184,21,4,46.0,0.021739130434782608,5.564430244941427
joshscorcher,Blooper Reel (April & May 2024),2024-10-12 21:00:06+00:00,3602,283,26,7,40.42857142857143,0.024734982332155476,8.772903942254304
joshscorcher,I understand (some of) these references | Astrobot Part 3,2024-10-12 21:07:59+00:00,2238,53,9,0,,0.0,2.7703306523681857
joshscorcher,Top Ten Eldritch Bosses,2024-10-15 18:00:26+00:00,63486,2818,449,12,234.83333333333334,0.0042583392476933995,5.164918249692846
joshscorcher,Crown of Fire Preview ft. @BrandonYates @Kizakoto,2024-10-16 15:15:54+00:00,13230,456,55,5,91.2,0.010964912280701754,3.9002267573696145
joshscorcher,Let's get him! | Astrobot Part Final,2024-10-16 20:33:25+00:00,2513,68,11,0,,0.0,3.1436530043772386
joshscorcher,Monthly Q&A (October 2024),2024-10-18 15:23:46+00:00,900,40,4,0,,0.0,4.888888888888889
joshscorcher,Starfire VS Blaze Pre-Fight Animatic (WIP),2024-10-18 16:01:01+00:00,5852,362,55,7,51.714285714285715,0.019337016574585635,7.245386192754613
joshscorcher,Starfire VS Blaze Crowdfund Part 2! (Sonic Rush),2024-10-18 21:19:43+00:00,1415,58,2,0,,0.0,4.240282685512367
joshscorcher,Blooper Reel (June 2024),2024-10-19 18:30:20+00:00,3334,220,35,1,220.0,0.004545454545454545,7.678464307138571
joshscorcher,More Hi-Speed Platforming! | Spark The Electric Jester 3 Part 1,2024-10-19 22:05:05+00:00,1460,49,9,0,,0.0,3.9726027397260277
joshscorcher,Five Great Villain Songs Vol. II,2024-10-21 16:00:46+00:00,177261,7874,652,85,92.63529411764706,0.01079502159004318,4.857808542206126
joshscorcher,WE ARE SO BACK | Shadow Generations Part 1,2024-10-22 21:19:27+00:00,6732,181,15,0,,0.0,2.9114676173499703
joshscorcher,ALL HAIL SHADOW | Shadow Generations Part 2,2024-10-24 14:49:25+00:00,4937,147,23,2,73.5,0.013605442176870748,3.483897103504152
joshscorcher,Western Undertale | Undertale Yellow Part 1,2024-10-25 21:10:16+00:00,1957,62,4,0,,0.0,3.372508942258559
joshscorcher,Curse of Strahd Revamped Part 8: Road to Vallaki Part 2,2024-10-28 04:40:21+00:00,807,38,0,0,,0.0,4.708798017348203
joshscorcher,Western Undertale | Undertale Yellow Part 2,2024-10-30 22:40:20+00:00,1581,47,3,0,,0.0,3.1625553447185326
joshscorcher,Top Ten Indie Horror Games,2024-10-31 18:30:06+00:00,63200,2810,436,110,25.545454545454547,0.03914590747330961,5.310126582278481
joshscorcher,BRUH | Mario and Luigi Brothership Part 1,2024-11-12 23:07:24+00:00,7046,199,43,3,66.33333333333333,0.01507537688442211,3.4771501561169456
joshscorcher,Top Ten Unfair Bosses,2024-11-15 19:00:06+00:00,131609,4664,985,192,24.291666666666668,0.0411663807890223,4.438146327378827
joshscorcher,In the Groovy Groves | Mario and Luigi Brothership Part 2,2024-11-15 22:56:48+00:00,3750,102,8,0,,0.0,2.933333333333333
joshscorcher,FLOWERS | Mario and Luigi Brothership Part 3,2024-11-16 22:35:24+00:00,3214,65,10,0,,0.0,2.3335407591785935
joshscorcher,Curse of Strahd Revamped Part 9: Road to Vallaki Part 3,2024-11-18 06:12:00+00:00,822,31,0,0,,0.0,3.7712895377128954
joshscorcher,Monthly Q&A (November 2024),2024-11-20 16:35:08+00:00,1091,38,6,0,,0.0,4.032997250229148
joshscorcher,How About That Death Battle tho? | Mario and Luigi Brothership Part 4,2024-11-20 22:13:46+00:00,3727,98,7,2,49.0,0.02040816326530612,2.870941776227529
joshscorcher,Metal Gear Weegie | Mario and Luigi Brothership Part 5,2024-11-21 22:04:56+00:00,2913,77,12,0,,0.0,3.0552694816340544
joshscorcher,Starfire VS Blaze Final Crowdfunding Stream!,2024-11-23 22:15:18+00:00,2253,80,4,0,,0.0,3.7283621837549936
joshscorcher,Next Boss! | Mario and Luigi Brothership Part 6,2024-11-27 22:12:40+00:00,3036,74,5,0,,0.0,2.6021080368906455
joshscorcher,Top Ten Final Levels,2024-12-01 19:00:06+00:00,50150,2419,490,25,96.76,0.010334849111202976,5.850448654037886
joshscorcher,Complete EVERYTHING | Mario and Luigi Brothership Part 7,2024-12-03 22:17:00+00:00,2441,70,4,0,,0.0,3.031544448996313
joshscorcher,SAVE CHILLIAM | Mario and Luigi Brothership Part 8,2024-12-07 21:08:30+00:00,2507,67,8,0,,0.0,2.9916234543278817
joshscorcher,Curse of Strahd Revamped Part 10: Vallaki Part 1,2024-12-09 05:49:51+00:00,888,36,3,0,,0.0,4.391891891891892
joshscorcher,Building Starfire and Blaze in Pathfinder 2e ft. @Nonat1s,2024-12-09 21:48:45+00:00,3795,210,26,0,,0.0,6.2187088274044795
joshscorcher,Burning Sea End? | Mario and Luigi Brothership Part 9,2024-12-10 22:24:20+00:00,2519,66,11,0,,0.0,3.056768558951965
joshscorcher,Past the Wedding | Mario and Luigi Brothership Part 10,2024-12-12 21:59:35+00:00,2329,63,5,0,,0.0,2.9197080291970803
joshscorcher,The Game Awards 2024 Reaction!,2024-12-13 05:07:24+00:00,19623,478,99,45,10.622222222222222,0.09414225941422594,3.1697497834174184
joshscorcher,Bowser Time! | Mario and Luigi Brothership Part 11,2024-12-14 21:13:51+00:00,2623,67,3,0,,0.0,2.668699961875715
joshscorcher,Top Ten Fae Bosses,2024-12-15 19:00:06+00:00,44743,2368,384,40,59.2,0.016891891891891893,6.240082247502403
joshscorcher,Oops | Mario and Luigi Brothership Part 12,2024-12-17 22:20:23+00:00,2734,74,24,0,,0.0,3.584491587417703
joshscorcher,Ultimate Bros Power!| Mario and Luigi Brothership Part 13,2024-12-20 22:13:44+00:00,2209,65,9,0,,0.0,3.3499320959710275
joshscorcher,Five Great Villain Songs Vol. III,2024-12-23 20:00:06+00:00,150297,5376,779,36,149.33333333333334,0.006696428571428571,4.119177362156265
joshscorcher,To Zokket! | Mario and Luigi Brothership Part 14,2024-12-24 22:13:23+00:00,4513,111,21,1,111.0,0.009009009009009009,2.9470418790161754
joshscorcher,RECLUSA IS SO GOOD | Mario and Luigi Brothership Part 15,2024-12-28 21:43:49+00:00,4608,95,32,0,,0.0,2.756076388888889
joshscorcher,The Solitree | Mario and Luigi Brothership Part 16,2024-12-30 21:27:43+00:00,3950,98,22,0,,0.0,3.0379746835443036
joshscorcher,Reclusa Battle! | Mario and Luigi Brothership Part 17,2024-12-31 20:32:16+00:00,3755,109,35,0,,0.0,3.8348868175765647
joshscorcher,Monthly Q&A (December 2024),2025-01-01 16:10:07+00:00,1489,52,3,0,,0.0,3.6937541974479515
joshscorcher,Top Ten 2024 Fails,2025-01-01 20:30:06+00:00,144419,5106,2396,207,24.666666666666668,0.04054054054054054,5.337940298714158
joshscorcher,A Million Ways To Fail (Parody of @BillieBustUp ),2025-01-02 19:44:28+00:00,25905,1171,152,11,106.45454545454545,0.009393680614859094,5.149585022196487
joshscorcher,This is gonna be weird... | Pokémon Too Many Types Part 1,2025-01-04 21:42:11+00:00,5622,142,18,4,35.5,0.028169014084507043,2.9171113482746356
joshscorcher,Ari has arrived and wants a turn! | Pokémon Too Many Types Part 2,2025-01-05 23:09:17+00:00,2966,86,14,1,86.0,0.011627906976744186,3.4052596089008764
joshscorcher,I'm back | Pokémon Too Many Types Part 3,2025-01-06 21:32:47+00:00,2285,69,14,0,,0.0,3.6323851203501096
joshscorcher,This game is so friggin weird | Pokémon Too Many Types Part 4,2025-01-08 23:05:56+00:00,3553,106,34,1,106.0,0.009433962264150943,3.9684773430903464
joshscorcher,To Winona! | Pokémon Too Many Types Part 5,2025-01-11 21:23:51+00:00,2123,67,14,0,,0.0,3.8153556288271315
joshscorcher,Top Ten Sympathetic Villains,2025-01-15 19:00:06+00:00,74680,3164,649,16,197.75,0.0050568900126422255,5.127209426888055
joshscorcher,A New Twist? | Dynasty Warriors Origins Part 1,2025-01-17 23:37:14+00:00,4545,133,19,2,66.5,0.015037593984962405,3.3883388338833886
joshscorcher,Yassified Zhang Jiao | Dynasty Warriors Origins Part 2,2025-01-18 21:50:55+00:00,3570,88,19,0,,0.0,2.9971988795518207
joshscorcher,Zhang Jiao - It Has To Be This Way,2025-01-18 23:04:32+00:00,9975,462,103,0,,0.0,5.664160401002507
joshscorcher,ARRRRRRRR-chie! | Pokémon Too Many Types Part 6,2025-01-19 21:44:54+00:00,1750,53,12,0,,0.0,3.7142857142857144
joshscorcher,Curse of Strahd Revamped: Vallaki Part 2,2025-01-20 06:00:52+00:00,847,28,1,0,,0.0,3.4238488783943333
joshscorcher,Time To Fight a Warlord | Dynasty Warriors Origins Part 3,2025-01-20 22:54:01+00:00,2406,72,4,0,,0.0,3.158769742310889
joshscorcher,Monthly Q&A (January 2025),2025-01-22 16:11:25+00:00,1151,39,4,0,,0.0,3.735881841876629
joshscorcher,Did some offscreen grinding | Dynasty Warriors Origins Part 4,2025-01-24 23:48:26+00:00,1998,59,3,0,,0.0,3.1031031031031033
joshscorcher,DO NOT PURSUE | Dynasty Warriors Origins Part 5,2025-01-25 22:24:38+00:00,2774,69,19,1,69.0,0.014492753623188406,3.2083633741888966
joshscorcher,Titans Clash | Pokémon Too Many Types Part 7,2025-01-26 21:18:46+00:00,1430,49,3,0,,0.0,3.6363636363636362
joshscorcher,Five Great Villain Songs Vol. IV | Sympathetic,2025-01-28 18:30:05+00:00,67044,2718,488,23,118.17391304347827,0.008462104488594555,4.8162400811407435
joshscorcher,My audience is split | Dynasty Warriors Origins Part 6,2025-01-28 22:19:03+00:00,1803,55,6,0,,0.0,3.3832501386577922
joshscorcher,"Still waiting for the ""big choice"" | Dynasty Warriors Origins Part 7",2025-01-30 22:14:22+00:00,1386,50,2,0,,0.0,3.751803751803752
joshscorcher,Can we trust Lu Bu? | Dynasty Warriors Origins Part 8,2025-01-31 21:54:32+00:00,1269,45,8,0,,0.0,4.176516942474389
joshscorcher,Top Ten Surprisingly Good Games,2025-02-01 19:00:06+00:00,35789,1681,380,14,120.07142857142857,0.008328375966686495,5.79787085417307
joshscorcher,ELITE CHAOS | Pokémon Too Many Types Part FINALE,2025-02-01 22:33:11+00:00,2194,52,7,0,,0.0,2.689152233363719
joshscorcher,Shu is changing | Dynasty Warriors Origins Part 9,2025-02-04 22:02:13+00:00,1529,49,2,0,,0.0,3.3355134074558537
joshscorcher,The past comes back! | Dynasty Warriors Origins Part 10,2025-02-06 21:45:21+00:00,1076,35,1,0,,0.0,3.3457249070631967
joshscorcher,Stop Cao Cao! | Dynasty Warriors Origins Part 11,2025-02-07 23:07:30+00:00,1044,38,1,0,,0.0,3.7356321839080464
joshscorcher,Ari tries out a Mario RPG! | Partners in Time Part 1,2025-02-08 22:19:51+00:00,1851,68,7,0,,0.0,4.051863857374392
joshscorcher,Curse of Strahd Revamped: Vallaki Part 3,2025-02-10 07:04:37+00:00,913,26,1,1,26.0,0.038461538461538464,3.0668127053669223
joshscorcher,To Chibi! | Dynasty Warriors Origins Part 12,2025-02-11 22:47:44+00:00,1156,41,3,0,,0.0,3.8062283737024223
joshscorcher,Doing Wu now! | Dynasty Warriors Origins Part 13,2025-02-12 22:15:49+00:00,888,34,1,0,,0.0,3.9414414414414414
joshscorcher,Remember When Josh Proposed to Ari? ❤️ #shorts #couplegoals,2025-02-14 15:01:25+00:00,6923,1138,83,24,47.416666666666664,0.0210896309314587,17.983533150368338
joshscorcher,WARRIORS: Abyss Part 1,2025-02-15 10:51:17+00:00,2673,55,6,0,,0.0,2.2820800598578375
joshscorcher,Top Ten Silent Protagonists,2025-02-15 19:00:06+00:00,36061,2076,513,15,138.4,0.0072254335260115606,7.221097584648235
joshscorcher,Ari tries out a Mario RPG! | Partners in Time Part 2,2025-02-17 08:09:44+00:00,1026,48,11,0,,0.0,5.750487329434698
joshscorcher,Computer Froze! | Partners in Time Part 2.5,2025-02-17 09:05:17+00:00,1021,45,7,0,,0.0,5.093046033300686
joshscorcher,Mr. Incredible Learns the Truth About Layoffs #shorts #memes,2025-02-17 15:00:08+00:00,4047,366,46,1,366.0,0.00273224043715847,10.205090190264393
joshscorcher,WARRIORS: Abyss Part 2,2025-02-19 11:52:47+00:00,964,37,0,0,,0.0,3.8381742738589213
joshscorcher,Monthly Q&A (February 2025),2025-02-19 16:16:07+00:00,966,33,2,0,,0.0,3.6231884057971016
joshscorcher,Doing Wu now! | Dynasty Warriors Origins Part 14,2025-02-21 00:05:27+00:00,1031,36,4,0,,0.0,3.87972841901067
joshscorcher,Fate Altered.... ARGH | Dynasty Warriors Origins Part 15,2025-02-21 22:31:50+00:00,1025,34,0,0,,0.0,3.3170731707317076
joshscorcher,Five Great Villain Songs Vol. V | Love,2025-02-24 18:00:29+00:00,58856,2839,499,14,202.78571428571428,0.004931313842902431,5.6952562185673505
joshscorcher,Pokémon Presents 2025 Reaction!,2025-02-27 14:29:09+00:00,5855,235,61,4,58.75,0.01702127659574468,5.123825789923143
joshscorcher,WARRIORS: Abyss Part FINAL,2025-02-27 21:17:08+00:00,702,33,0,0,,0.0,4.700854700854701
joshscorcher,Top Ten Improved Bosses,2025-03-01 18:00:06+00:00,45875,2248,316,10,224.8,0.004448398576512456,5.610899182561308
joshscorcher,uWu | Dynasty Warriors Origins Part 16,2025-03-04 22:35:13+00:00,861,34,1,0,,0.0,4.0650406504065035
joshscorcher,Lord Cow Cow | Dynasty Warriors Origins Part 17,2025-03-06 22:51:37+00:00,974,32,3,0,,0.0,3.5934291581108826
joshscorcher,Curse of Strahd Revamped: Vallaki Part 4,2025-03-10 04:11:22+00:00,869,31,2,0,,0.0,3.79746835443038
joshscorcher,Battle of Guan Du | Dynasty Warriors Origins Part 18,2025-03-12 21:42:44+00:00,1042,31,3,0,,0.0,3.262955854126679
joshscorcher,WHY IS EVERYONE HORNY | Dynasty Warriors Origins Part 19,2025-03-13 21:24:04+00:00,1195,34,6,0,,0.0,3.3472803347280333
joshscorcher,Top Ten Franchise Savers,2025-03-15 17:00:06+00:00,33830,1912,408,36,53.111111111111114,0.01882845188284519,6.9642329293526455
joshscorcher,Begone HORNY! | Dynasty Warriors Origins Part 20,2025-03-18 21:17:31+00:00,1053,33,2,0,,0.0,3.323836657169991
joshscorcher,Sword and Shield Supremacy | Monster Hunter Wilds Part 1,2025-03-21 09:37:04+00:00,2383,84,15,0,,0.0,4.154427192614351
joshscorcher,Dead Fart Hippo | Monster Hunter Wilds Part 2,2025-03-21 21:49:00+00:00,1353,47,6,0,,0.0,3.917220990391722
joshscorcher,Five Great Villain Songs Vol. VI | Traitors,2025-03-22 18:00:41+00:00,65625,3063,462,7,437.57142857142856,0.002285341168788769,5.382095238095238
joshscorcher,Saved a Weirdo | Monster Hunter Wilds Part 3,2025-03-24 21:26:48+00:00,1128,33,4,0,,0.0,3.280141843971631
joshscorcher,A Whole New World | Monster Hunter Wilds Part 4,2025-03-26 21:24:47+00:00,1185,40,4,0,,0.0,3.7130801687763713
joshscorcher,REACTION: Nintendo Direct 3.27.2024,2025-03-27 14:46:24+00:00,6563,249,75,4,62.25,0.01606425702811245,4.997714459850678
joshscorcher,The ACTUAL game starts now! | Monster Hunter Wilds Part 5,2025-03-28 21:03:05+00:00,1063,43,1,0,,0.0,4.13922859830668
joshscorcher,Top Ten Furry Bosses :3,2025-04-01 16:30:06+00:00,46894,2406,545,39,61.69230769230769,0.016209476309226933,6.3760822280035825
joshscorcher,New Monsters! | Monster Hunter Wilds Part 6,2025-04-01 22:10:56+00:00,1026,36,0,0,,0.0,3.508771929824561
joshscorcher,Switch 2 Showcase Reaction!,2025-04-02 14:22:10+00:00,9623,338,100,4,84.5,0.011834319526627219,4.593162215525304
joshscorcher,The Anjanath Bully | Monster Hunter Wilds Part 7,2025-04-03 20:52:46+00:00,808,40,0,0,,0.0,4.9504950495049505
joshscorcher,These monsters are getting bigger.... | Monster Hunter Wilds Part 9,2025-04-04 20:47:44+00:00,816,31,2,0,,0.0,4.044117647058823
joshscorcher,Curse of Strahd Revamped: Vallaki Part 5,2025-04-07 04:43:02+00:00,799,26,1,0,,0.0,3.379224030037547
joshscorcher,Channel Update 2025,2025-04-07 17:00:15+00:00,4464,279,49,0,,0.0,7.347670250896058
joshscorcher,The quest for the perfect pants | Monster Hunter Wilds Part 10,2025-04-09 20:43:03+00:00,756,30,2,0,,0.0,4.232804232804233
joshscorcher,This might be the last one | Monster Hunter Wilds Part 11,2025-04-10 20:53:51+00:00,823,39,1,0,,0.0,4.860267314702309
joshscorcher,Balatro | INDIE FRIDAY,2025-04-11 21:06:24+00:00,1527,52,6,0,,0.0,3.798297314996726
joshscorcher,Starfire's Dark Backstory! | Starfire VS Blaze TRIPLE F,2025-04-12 16:00:59+00:00,7048,520,87,2,260.0,0.0038461538461538464,8.640749148694665
joshscorcher,Apparently this is really good? | Blue Prince Part 1,2025-04-16 20:45:58+00:00,1646,48,2,0,,0.0,3.0376670716889427
joshscorcher,Chain of Memories Roguelike | Blue Prince Part 2,2025-04-17 21:18:34+00:00,1150,34,2,0,,0.0,3.130434782608696
joshscorcher,Bionic Bay | INDIE FRIDAY,2025-04-18 20:58:29+00:00,724,24,0,0,,0.0,3.314917127071823
joshscorcher,Blaze's Confusing Origins! | Starfire VS Blaze TRIPLE F,2025-04-19 16:00:31+00:00,5735,463,91,0,,0.0,9.65998256320837
joshscorcher,Monthly Q&A (April 2025),2025-04-20 15:47:01+00:00,873,33,5,0,,0.0,4.352806414662084
joshscorcher,Five Great Villain Songs Vol. VII,2025-04-22 21:00:06+00:00,51335,2325,414,36,64.58333333333333,0.015483870967741935,5.405668647121846
joshscorcher,Shadowdropped?! | Oblivion Remastered Part 1,2025-04-23 20:57:08+00:00,1937,77,8,0,,0.0,4.388229220443986
joshscorcher,WELCOME TO THE ARENA | Oblivion Remastered Part 2,2025-04-24 20:44:23+00:00,1062,36,1,0,,0.0,3.483992467043315
joshscorcher,Technically Indie Friday | Blue Prince Part 3,2025-04-25 21:16:33+00:00,886,33,1,0,,0.0,3.837471783295711
joshscorcher,Starfire VS Blaze (DC VS SEGA) | TRIPLE F,2025-04-26 17:00:06+00:00,179309,8631,1719,65,132.7846153846154,0.007530992932452786,5.8084089476824925
joshscorcher,Starfire VS Blaze Debrief Stream,2025-04-28 14:50:49+00:00,2290,88,19,0,,0.0,4.672489082969433
joshscorcher,Apparently this is good? | Clair Obscur: Expedition 33 | Part 1,2025-04-30 21:01:07+00:00,2243,59,11,0,,0.0,3.120820329915292
joshscorcher,Top Ten Mothers,2025-05-01 16:00:06+00:00,43208,2517,416,5,503.4,0.001986491855383393,6.799666728383633
joshscorcher,THIS GAME IS SO SAD | Clair Obscur: Expedition 33 | Part 2,2025-05-01 20:49:25+00:00,1505,40,6,0,,0.0,3.0564784053156147
joshscorcher,Animal Well | INDIE FRIDAY,2025-05-02 20:41:07+00:00,944,37,3,0,,0.0,4.23728813559322
joshscorcher,I love existential dread | Clair Obscur: Expedition 33 | Part 3,2025-05-05 20:54:27+00:00,1343,36,1,0,,0.0,2.7550260610573343
joshscorcher,No Plot Armor | Clair Obscur: Expedition 33 | Part 4,2025-05-06 21:00:50+00:00,1255,33,3,0,,0.0,2.8685258964143427
joshscorcher,Suspecting timey-wimey bulls**t. | Clair Obscur: Expedition 33 | Part 5,2025-05-07 20:44:16+00:00,1023,30,4,0,,0.0,3.3235581622678394
joshscorcher,Second Axon | Clair Obscur: Expedition 33 | Part 6,2025-05-08 20:46:49+00:00,1183,32,2,0,,0.0,2.8740490278951816
joshscorcher,Once Upon A Puppet | INDIE FRIDAY,2025-05-09 21:14:26+00:00,1036,32,2,0,,0.0,3.2818532818532815
joshscorcher,Into The Darkness | Clair Obscur: Expedition 33 | Part 7,2025-05-12 21:21:46+00:00,1111,29,2,0,,0.0,2.7902790279027903
joshscorcher,I Don't Like The Twist | Clair Obscur: Expedition 33 | Part 8,2025-05-13 21:14:45+00:00,1492,32,11,1,32.0,0.03125,2.949061662198391
joshscorcher,Rollercoaster Tycoon Chill Stream before Doom Dark Ages,2025-05-14 20:41:12+00:00,922,34,1,0,,0.0,3.7960954446854664
joshscorcher,Five Great Villain Songs Vol. VIII,2025-05-15 16:00:06+00:00,45750,2074,456,13,159.53846153846155,0.00626808100289296,5.558469945355191
joshscorcher,KILL THEM ALL | Doom The Dark Ages Part 1,2025-05-15 20:47:42+00:00,2507,86,19,0,,0.0,4.188272836059035
joshscorcher,Moving Indie Games to Mondays | Doom The Dark Ages Part 2,2025-05-16 20:46:21+00:00,1292,49,1,0,,0.0,3.8699690402476783
joshscorcher,Sidon VS Undyne TRIPLE F | Crowdfunding Stream!,2025-05-18 09:51:52+00:00,2513,101,6,0,,0.0,4.257859132510943
joshscorcher,Curse of Strahd Revamped: Vallaki Part 6,2025-05-19 04:48:52+00:00,663,27,4,0,,0.0,4.675716440422323
joshscorcher,Nine Sols | INDIE MONDAY,2025-05-19 20:56:04+00:00,1295,50,5,0,,0.0,4.247104247104247
joshscorcher,Streaming Every Day For A Week! | Doom The Dark Ages Part 3,2025-05-20 20:44:20+00:00,1157,38,1,0,,0.0,3.3707865168539324
joshscorcher,Going Pure Metal | Doom The Dark Ages Part 4,2025-05-21 20:45:37+00:00,1072,25,0,0,,0.0,2.332089552238806
joshscorcher,The Finale | Doom The Dark Ages Part 5,2025-05-22 20:51:43+00:00,1399,45,4,0,,0.0,3.5025017869907074
joshscorcher,On a violence kick | ULTRAKILL,2025-05-23 20:49:48+00:00,1534,43,14,0,,0.0,3.715775749674054
joshscorcher,What is going on?! R.E.P.O. ft. @Rebeccadoodles,2025-05-26 21:08:14+00:00,1748,62,2,0,,0.0,3.6613272311212817
joshscorcher,IT'S HARD NOW | Warriors Abyss Part 3,2025-05-27 21:03:09+00:00,717,20,0,0,,0.0,2.789400278940028
joshscorcher,CAN WE WIN?!?!? | Warriors Abyss Part 4,2025-05-28 21:01:56+00:00,621,17,0,0,,0.0,2.737520128824477
joshscorcher,I'M NOT GIVING UP!!! | Warriors Abyss Part 5,2025-05-29 21:29:05+00:00,674,27,1,0,,0.0,4.154302670623145
joshscorcher,NEVER GIVE UP!! NEVER SURRENDER!! | Warriors Abyss Part 6,2025-05-30 21:16:21+00:00,651,21,1,0,,0.0,3.3794162826420893
joshscorcher,Monthly Q&A (May 2025),2025-06-01 15:00:44+00:00,801,31,4,1,31.0,0.03225806451612903,4.49438202247191
joshscorcher,Top Ten Character Assassinations in Gaming,2025-06-01 18:00:05+00:00,150212,5847,2188,168,34.80357142857143,0.028732683427398667,5.460948526083135
joshscorcher,First Time Playing | Deltarune Part 1,2025-06-02 20:47:39+00:00,5165,139,13,4,34.75,0.02877697841726619,3.020329138431752
joshscorcher,GONNA BEAT JEVIL | Deltarune Part 2,2025-06-03 20:53:26+00:00,4821,121,18,2,60.5,0.01652892561983471,2.9247044181705038
joshscorcher,GOING IN BLIND | Deltarune Part 3 | SIDON VS UNDYNE CROWDFUND,2025-06-04 18:59:42+00:00,3958,82,6,0,,0.0,2.223345123799899
joshscorcher,Scheduled Power Outage | Deltarune Part 3.5 | SIDON VS UNDYNE CROWDFUND,2025-06-05 09:15:26+00:00,3013,83,8,0,,0.0,3.020245602389645
joshscorcher,THE NEW CONTENT| Deltarune Part 4 | SIDON VS UNDYNE CROWDFUND,2025-06-05 21:03:32+00:00,5224,106,29,0,,0.0,2.584226646248086
joshscorcher,UNDYNE IS HERE | Deltarune Part 5 | SIDON VS UNDYNE CROWDFUND,2025-06-06 20:48:14+00:00,5034,92,25,0,,0.0,2.3241954707985695
joshscorcher,BIRTHDAY STREAM Aramau Plays Super Mariomon!,2025-06-09 04:32:12+00:00,2403,102,16,0,,0.0,4.910528506034124
joshscorcher,...Where's Undyne? | Deltarune Part 6 | SIDON VS UNDYNE CROWDFUND,2025-06-09 19:51:39+00:00,4312,104,24,0,,0.0,2.9684601113172544
joshscorcher,Rollercoaster Tycoon... and some serious stuff,2025-06-10 20:40:04+00:00,1234,37,2,0,,0.0,3.1604538087520258
joshscorcher,GOTTA WIN GOTTA WIN | Warriors Abyss Part 7,2025-06-11 23:51:21+00:00,754,28,0,0,,0.0,3.7135278514588856
joshscorcher,A Super Job Sim? | Fantasy Life Part 1,2025-06-12 20:41:17+00:00,1534,40,0,0,,0.0,2.607561929595828
joshscorcher,A Pleasant Grind | Fantasy Life Part 2,2025-06-13 20:54:19+00:00,1013,38,0,0,,0.0,3.751233958538993
joshscorcher,Five Great Villain Songs Vol. IX,2025-06-15 21:00:06+00:00,53475,2528,398,7,361.14285714285717,0.002768987341772152,5.484805984104722
joshscorcher,WTH IS THIS | Date Everything Part 1,2025-06-16 19:40:53+00:00,3453,101,16,0,,0.0,3.3883579496090355
joshscorcher,....why am I still playing this... | Date Everything Part 2,2025-06-17 20:42:54+00:00,2342,62,4,0,,0.0,2.818104184457728
joshscorcher,I'm done. Ari's turn now. | Date Everything Part 3,2025-06-18 20:33:54+00:00,2175,74,4,0,,0.0,3.5862068965517238
joshscorcher,NUMBERS GO UP | Fantasy Life Part 3,2025-06-19 20:43:45+00:00,880,20,0,0,,0.0,2.272727272727273
joshscorcher,Looking for the Artist | Fantasy Life Part 4,2025-06-20 20:45:42+00:00,756,31,0,0,,0.0,4.1005291005291005
joshscorcher,Sidon VS Undyne TRIPLE F | Crowdfunding Stream! #giveaway,2025-06-21 21:59:20+00:00,1536,57,4,0,,0.0,3.9713541666666665
joshscorcher,Curse of Strahd Revamped: Vallaki Part 7,2025-06-23 04:39:01+00:00,732,29,0,0,,0.0,3.9617486338797816
joshscorcher,Ari drools over hot guys | Date Everything Part 4,2025-06-23 19:59:15+00:00,1602,54,2,0,,0.0,3.495630461922597
joshscorcher,I GOT A SWITCH 2 | Mario Kart World,2025-06-24 20:47:09+00:00,3065,87,19,0,,0.0,3.4584013050570963
joshscorcher,PLAYING WITH VIEWERS | Mario Kart World Part 2,2025-06-25 19:52:32+00:00,1444,50,6,1,50.0,0.02,3.9473684210526314
joshscorcher,PLAYING WITH VIEWERS AGAIN | Mario Kart World Part 3,2025-06-26 19:39:29+00:00,1019,44,1,0,,0.0,4.416094210009813
joshscorcher,Another Chill Stream | Fantasy Life Part 5,2025-06-27 20:49:14+00:00,718,34,0,0,,0.0,4.735376044568245
joshscorcher,Top Ten Worst Mario Games,2025-07-01 19:00:06+00:00,119599,4304,1019,120,35.86666666666667,0.027881040892193308,4.5510413966671965
joshscorcher,PLAYING WITH (LATER) VIEWERS | Mario Kart World Part 4,2025-07-02 04:05:47+00:00,1080,47,2,0,,0.0,4.537037037037037
joshscorcher,Super Mario 64 DS Part 1,2025-07-03 04:45:57+00:00,2388,88,12,0,,0.0,4.1876046901172534
joshscorcher,Super Mario 64 DS Part 2,2025-07-04 03:55:47+00:00,1480,64,5,0,,0.0,4.662162162162162
joshscorcher,Super Mario Bros. 3 GBA Part 1,2025-07-05 04:13:49+00:00,1373,60,7,0,,0.0,4.879825200291333
joshscorcher,Josh's Birthday Stream 2025!,2025-07-07 04:33:26+00:00,1298,66,18,0,,0.0,6.471494607087827
joshscorcher,Super Mario Bros. 3 GBA Part 2,2025-07-08 19:40:59+00:00,1203,50,4,0,,0.0,4.488778054862843
joshscorcher,Top Ten* Hardest Mario Moments,2025-07-08 21:00:06+00:00,60645,2321,371,33,70.33333333333333,0.014218009478672985,4.493363014263336
joshscorcher,Top Ten Mario Worlds 🌎 #gaming #mario #shorts,2025-07-09 14:00:38+00:00,6957,459,25,5,91.8,0.010893246187363835,7.028891763691246
joshscorcher,Super Mario World Part 1,2025-07-09 20:33:15+00:00,2241,60,4,0,,0.0,2.85586791610888
joshscorcher,Super Mario World Part 2 + Triple F Mario Matchups!,2025-07-10 21:02:14+00:00,1287,43,2,0,,0.0,3.4965034965034967
joshscorcher,Super Mario Bros. 2 Part 1,2025-07-11 19:54:19+00:00,1262,40,2,0,,0.0,3.328050713153724
joshscorcher,Curse of Strahd Revamped: Vallaki Part 8,2025-07-14 04:55:28+00:00,789,28,0,0,,0.0,3.5487959442332064
joshscorcher,Ari drools over hot guys | Date Everything Part 5,2025-07-14 19:54:11+00:00,1423,57,1,0,,0.0,4.075895994378074
joshscorcher,Super Mario Odyssey Part 1,2025-07-15 20:46:09+00:00,2261,56,2,1,56.0,0.017857142857142856,2.6094648385670056
joshscorcher,Top Ten Mario Villains,2025-07-15 21:00:06+00:00,60594,2937,622,11,267.0,0.003745318352059925,5.8916724428161205
joshscorcher,Top 15 Mario Bosses #mario #gaming #shorts,2025-07-16 14:00:27+00:00,7021,460,45,3,153.33333333333334,0.006521739130434782,7.235436547500355
joshscorcher,Super Mario Odyssey Part 2,2025-07-16 20:25:19+00:00,1491,51,1,0,,0.0,3.4875922199865865
joshscorcher,Donkey Kong Bananza Part 1,2025-07-17 20:56:31+00:00,7786,164,27,1,164.0,0.006097560975609756,2.4659645517595687
joshscorcher,Donkey Kong Bananza Part 2,2025-07-18 04:40:57+00:00,3973,87,14,0,,0.0,2.5421595771457337
joshscorcher,Donkey Kong Bananza Part 3,2025-07-21 20:40:41+00:00,4325,86,8,0,,0.0,2.1734104046242773
joshscorcher,Donkey Kong Bananza Part 4,2025-07-22 20:52:46+00:00,4873,89,18,0,,0.0,2.19577262466653
joshscorcher,Top Ten Best Mario Games,2025-07-22 21:00:06+00:00,28486,1639,285,21,78.04761904761905,0.012812690665039659,6.8279154672470685
joshscorcher,Top 15 Mario RPG Specials #gaming #mario #shorts,2025-07-23 14:00:45+00:00,7945,554,40,7,79.14285714285714,0.01263537906137184,7.564505978602895
joshscorcher,Donkey Kong Bananza Part 5,2025-07-23 21:16:23+00:00,11617,257,75,3,85.66666666666667,0.011673151750972763,2.8837049152104672
joshscorcher,Donkey Kong Bananza Part 6,2025-07-24 20:48:35+00:00,3046,57,4,0,,0.0,2.0026263952724883
joshscorcher,Donkey Kong Bananza Part 7,2025-07-25 20:30:24+00:00,2764,46,3,0,,0.0,1.772793053545586
joshscorcher,Super Mario Sunshine Part 1,2025-07-28 20:44:59+00:00,1899,61,7,1,61.0,0.01639344262295082,3.6334913112164293
joshscorcher,Super Mario Sunshine Part 2,2025-07-29 19:43:00+00:00,1622,46,5,0,,0.0,3.1442663378545004
joshscorcher,Mario and Luigi: Superstar Saga Part 1,2025-07-30 20:15:04+00:00,1808,58,2,0,,0.0,3.3185840707964607
joshscorcher,Mario and Luigi: Superstar Saga Part 2,2025-07-31 19:12:08+00:00,991,41,2,1,41.0,0.024390243902439025,4.439959636730576
joshscorcher,Top Ten Games Where Your Choices ACTUALLY Matter,2025-08-01 21:00:06+00:00,40347,2117,483,46,46.02173913043478,0.02172886159659896,6.558108409547178
joshscorcher,Mario and Luigi: Superstar Saga Part 3,2025-08-01 21:14:10+00:00,1185,43,4,0,,0.0,3.9662447257383966
joshscorcher,Curse of Strahd Revamped: Vallaki Part 9,2025-08-04 04:42:39+00:00,678,33,3,1,33.0,0.030303030303030304,5.457227138643068
joshscorcher,Mario and Luigi: Superstar Saga Part 4 - Plus Q&A,2025-08-04 20:26:34+00:00,1093,44,1,0,,0.0,4.117108874656908
joshscorcher,Neon White Part 1,2025-08-05 20:54:05+00:00,1118,46,2,0,,0.0,4.293381037567084
joshscorcher,Speedrunning Heaven | Neon White Part 2,2025-08-06 20:45:12+00:00,831,35,0,0,,0.0,4.21179302045728
joshscorcher,Epic Pelagianism | Neon White Part 3,2025-08-07 20:57:25+00:00,769,27,0,0,,0.0,3.5110533159947983
joshscorcher,Sin of Perfectionism | Neon White Part 4,2025-08-08 20:52:05+00:00,799,30,0,0,,0.0,3.754693366708386
joshscorcher,Looking For God | Neon White Part 5,2025-08-12 20:38:49+00:00,688,29,1,0,,0.0,4.3604651162790695
joshscorcher,Heaven's On Fire | Neon White Part 6,2025-08-13 20:53:39+00:00,697,28,2,0,,0.0,4.304160688665711
joshscorcher,Pokémon Ruby Nuzlocke Part 1,2025-08-14 20:46:43+00:00,2008,87,6,0,,0.0,4.631474103585657
joshscorcher,Pokémon Ruby Nuzlocke Part 2,2025-08-15 20:59:13+00:00,1327,41,7,0,,0.0,3.6171816126601355
joshscorcher,Five Great Villain Songs Vol. X,2025-08-15 21:00:06+00:00,58609,2736,508,14,195.42857142857142,0.005116959064327485,5.558873210599055
joshscorcher,Pokémon Ruby Nuzlocke Part 3,2025-08-18 21:45:33+00:00,1101,43,2,1,43.0,0.023255813953488372,4.178019981834695
joshscorcher,Pokémon Ruby Nuzlocke Part 4,2025-08-20 23:39:41+00:00,986,39,2,0,,0.0,4.158215010141988
joshscorcher,Pokémon Ruby Nuzlocke Part 5,2025-08-21 21:02:03+00:00,950,34,2,1,34.0,0.029411764705882353,3.8947368421052633
joshscorcher,Pokémon Ruby Nuzlocke Part 6,2025-08-22 20:37:50+00:00,997,38,1,0,,0.0,3.911735205616851
joshscorcher,Pokémon Ruby Nuzlocke FINALE,2025-08-25 20:40:36+00:00,1360,54,2,0,,0.0,4.117647058823529
joshscorcher,Hollow Knight Part 1,2025-08-27 20:48:35+00:00,1545,71,5,0,,0.0,4.919093851132686
joshscorcher,How TF2 Fell From Grace (initially)! 😭 #gaming #tf2 #shorts,2025-08-28 14:00:05+00:00,9534,585,30,2,292.5,0.003418803418803419,6.471575414306692
joshscorcher,Hollow Knight Part 2,2025-08-28 19:37:30+00:00,961,46,6,0,,0.0,5.411030176899064
joshscorcher,Sonic Racing Crossworlds Part 1,2025-08-29 20:48:13+00:00,2381,63,1,1,63.0,0.015873015873015872,2.729945401091978
joshscorcher,INDIE MONDAY: Mass Eve #sponsored,2025-09-01 18:40:56+00:00,536,25,0,0,,0.0,4.664179104477612
joshscorcher,Top Ten WORST Villain Songs,2025-09-01 21:00:06+00:00,114208,4339,1338,78,55.62820512820513,0.017976492279327034,5.039051555057439
joshscorcher,Hollow Knight Lore Vid Reaction + Chill stream before Silksong | Warriors Abyss Part 7,2025-09-03 21:15:03+00:00,1028,42,0,0,,0.0,4.085603112840467
joshscorcher,NEW FOB EQUESTRIA VIDEO! 🤩 #animation #shorts,2025-09-04 14:00:50+00:00,7624,481,19,3,160.33333333333334,0.006237006237006237,6.597586568730325
joshscorcher,Hollow Knight: Silksong Part 1,2025-09-04 20:46:14+00:00,2092,64,9,0,,0.0,3.4894837476099427
joshscorcher,Hollow Knight: Silksong Part 2,2025-09-05 20:42:59+00:00,1381,52,3,0,,0.0,3.982621288921072
joshscorcher,Bring it All Down is a FRICKIN' BANGER! 🎶 🔥 #gaming #shorts,2025-09-06 14:00:12+00:00,8976,686,9,10,68.6,0.014577259475218658,7.8542780748663095
joshscorcher,FINAL Sidon VS Undyne TRIPLE F | Crowdfunding Stream!,2025-09-06 19:41:44+00:00,1682,67,6,0,,0.0,4.340071343638526
joshscorcher,Clair Obscur Rant: When Games PUNISH You For Caring,2025-09-07 19:00:07+00:00,13633,748,382,229,3.2663755458515285,0.30614973262032086,9.968458886525342
joshscorcher,Curse of Strahd Revamped: Vallaki Part 10,2025-09-08 04:38:44+00:00,600,33,1,0,,0.0,5.666666666666666
joshscorcher,"INDIE MONDAY: Eagle Knight Paradox, Wander Stars, Greak: Memories of Azur #sponsored",2025-09-08 20:44:12+00:00,749,30,2,0,,0.0,4.2723631508678235
joshscorcher,HeartGold Nuzlocke Part 1,2025-09-10 20:41:23+00:00,1270,42,1,0,,0.0,3.385826771653543
joshscorcher,HeartGold Nuzlocke Part 2,2025-09-12 06:34:34+00:00,890,40,14,0,,0.0,6.067415730337078
joshscorcher,Nintendo Direct 9.12.2025 Reaction!,2025-09-12 14:38:19+00:00,8340,284,114,6,47.333333333333336,0.02112676056338028,4.844124700239808
joshscorcher,Donkey Kong Bananza DLC!,2025-09-12 20:27:01+00:00,1802,44,2,0,,0.0,2.5527192008879025
joshscorcher,INDIE MONDAY: Void Breaker,2025-09-15 20:55:53+00:00,699,28,0,0,,0.0,4.005722460658083
joshscorcher,Five Great Villain Songs Vol. XI,2025-09-15 21:00:06+00:00,56178,3017,637,7,431.0,0.002320185614849188,6.516785930435402
joshscorcher,Josh needs an adult... 😳 #gaming #shorts,2025-09-23 14:00:10+00:00,9066,678,63,7,96.85714285714286,0.01032448377581121,8.250606662254578
joshscorcher,The Choices of Until Dawn 🤔 #gaming #shorts,2025-09-24 14:01:31+00:00,5499,443,16,7,63.285714285714285,0.01580135440180587,8.474268048736134
joshscorcher,Sonic Racing Crossworlds Part 2,2025-09-25 20:07:59+00:00,1390,44,2,0,,0.0,3.3093525179856114
joshscorcher,Sonic Racing Crossworlds Part 3,2025-09-26 19:43:44+00:00,1174,45,1,0,,0.0,3.9182282793867125
joshscorcher,Your Idol is a BANGER! 🎵 #music #kpopdemonhunters #shorts,2025-09-28 14:00:30+00:00,9393,827,16,3,275.6666666666667,0.0036275695284159614,9.006707122325135
joshscorcher,INDIE MONDAY: Shape of Dreams,2025-09-29 20:46:27+00:00,644,26,1,0,,0.0,4.192546583850932
joshscorcher,Hades II Part... I forget? It's been a while.,2025-09-30 20:49:13+00:00,979,32,1,0,,0.0,3.3707865168539324
joshscorcher,Hades II Part 8,2025-10-01 20:44:57+00:00,704,33,1,0,,0.0,4.829545454545454
joshscorcher,Top Ten Creepiest Hidden Lore in Gaming,2025-10-01 21:00:06+00:00,48163,2559,426,15,170.6,0.005861664712778429,6.228847870772169
joshscorcher,Hades II Part 9,2025-10-02 20:37:34+00:00,764,28,0,0,,0.0,3.664921465968586
joshscorcher,Hades II Part 11 | Unravel Time,2025-10-07 20:41:40+00:00,699,31,2,1,31.0,0.03225806451612903,4.86409155937053
joshscorcher,Hades II Part 12 | Seeking the Divine Spear,2025-10-08 20:42:47+00:00,655,30,1,0,,0.0,4.732824427480916
joshscorcher,Hades II Part 13 | Unravel Typhon,2025-10-09 20:48:16+00:00,709,34,5,0,,0.0,5.500705218617771
joshscorcher,Hades II Part 14 | The End,2025-10-10 20:40:32+00:00,737,31,2,0,,0.0,4.477611940298507
joshscorcher,Curse of Strahd Revamped: Vallaki Part 12,2025-10-13 05:25:35+00:00,565,35,1,0,,0.0,6.371681415929204
joshscorcher,Five Great Villain Songs Vol. XII,2025-10-15 21:00:06+00:00,36481,1926,408,6,321.0,0.003115264797507788,6.414297853677256
joshscorcher,Pokémon Legends Z-A Part 1,2025-10-16 22:25:14+00:00,4972,132,31,2,66.0,0.015151515151515152,3.3185840707964607
joshscorcher,Pokémon Legends Z-A Part 2,2025-10-17 20:46:01+00:00,2778,62,5,1,62.0,0.016129032258064516,2.4478041756659468
joshscorcher,Pokémon Legends Z-A Part 3,2025-10-19 09:16:28+00:00,2466,46,18,0,,0.0,2.5952960259529605
joshscorcher,Pokémon Legends Z-A Part 4,2025-10-20 20:10:36+00:00,2271,56,4,0,,0.0,2.642007926023778
joshscorcher,Pokémon Legends Z-A Part 5,2025-10-21 20:37:20+00:00,2645,61,12,0,,0.0,2.75992438563327
joshscorcher,Pokémon Legends Z-A Part 6,2025-10-22 20:13:43+00:00,2883,64,11,0,,0.0,2.6014568158168574
joshscorcher,Pokémon Legends Z-A Part 7,2025-10-23 21:03:11+00:00,2764,80,9,0,,0.0,3.219971056439942
joshscorcher,Pokémon Legends Z-A Part 8,2025-10-24 19:52:07+00:00,1980,47,1,0,,0.0,2.4242424242424243
joshscorcher,"INDIE MONDAY: No Vacation For An Executioner, Thief's Shelter",2025-10-27 19:49:58+00:00,547,30,2,0,,0.0,5.850091407678245
joshscorcher,Dispatch Part 1,2025-10-29 19:59:04+00:00,6023,177,29,1,177.0,0.005649717514124294,3.436825502241408
joshscorcher,Little Nightmares Part 1,2025-10-31 19:54:24+00:00,1079,42,6,0,,0.0,4.448563484708063
joshscorcher,Top Ten Villain Protagonists,2025-10-31 21:00:06+00:00,244131,10058,1045,437,23.016018306636155,0.04344800159077351,4.726970356079318
joshscorcher,Hyrule Warriors: Age of Imprisonment Part1,2025-11-06 22:58:27+00:00,2543,85,12,0,,0.0,3.814392449862367
joshscorcher,Hyrule Warriors: Age of Imprisonment Part 2,2025-11-07 21:14:58+00:00,1619,53,6,0,,0.0,3.644224830142063
joshscorcher,Curse of Strahd Revamped: Vallaki Part 13,2025-11-10 06:16:08+00:00,560,26,2,0,,0.0,5.0
joshscorcher,Hyrule Warriors: Age of Imprisonment Part 3,2025-11-10 21:14:21+00:00,1175,48,6,0,,0.0,4.595744680851064
joshscorcher,Hyrule Warriors: Age of Imprisonment Part 4,2025-11-11 21:06:40+00:00,1180,41,5,0,,0.0,3.898305084745763
joshscorcher,Hyrule Warriors: Age of Imprisonment Part 5,2025-11-13 21:27:31+00:00,1003,42,3,0,,0.0,4.48654037886341
joshscorcher,Dispatch Part 2,2025-11-14 21:28:32+00:00,4859,131,9,4,32.75,0.030534351145038167,2.9635727515949783
joshscorcher,Five Great Villain Songs Vol. XIII,2025-11-15 18:00:06+00:00,37289,2133,498,6,355.5,0.0028129395218002813,7.07179060849044
joshscorcher,Dispatch Part 3,2025-11-17 20:25:25+00:00,3674,112,15,1,112.0,0.008928571428571428,3.483941208492107
joshscorcher,Hyrule Warriors: Age of Imprisonment Part 6,2025-11-18 20:54:46+00:00,950,31,1,0,,0.0,3.3684210526315788
joshscorcher,Hyrule Warriors: Age of Imprisonment Part 7,2025-11-19 21:01:53+00:00,778,28,3,0,,0.0,3.984575835475578
joshscorcher,Hyrule Warriors: Age of Imprisonment Part 8,2025-11-21 20:25:45+00:00,889,41,4,0,,0.0,5.061867266591676
joshscorcher,Hyrule Warriors: Age of Imprisonment Part 9,2025-11-24 21:54:29+00:00,1113,38,7,0,,0.0,4.0431266846361185
joshscorcher,Kirby Air Riders Part 1,2025-11-27 08:47:28+00:00,2345,55,7,0,,0.0,2.6439232409381663
joshscorcher,Kirby Air Riders Part 2,2025-11-29 08:42:47+00:00,1625,41,2,0,,0.0,2.646153846153846
joshscorcher,"INDIE MONDAY: Constance, TimeSplitters Rewind",2025-12-01 20:18:37+00:00,596,28,0,0,,0.0,4.697986577181208
joshscorcher,Top Ten Most Expensive FLOPS!,2025-12-01 22:00:06+00:00,48471,2358,629,28,84.21428571428571,0.011874469889737066,6.220214148666213
joshscorcher,Metroid Prime 4: Beyond Part 1,2025-12-05 10:48:44+00:00,2666,73,17,0,,0.0,3.3758439609902475
joshscorcher,Metroid Prime 4: Beyond Part 2,2025-12-06 10:46:41+00:00,1574,45,4,1,45.0,0.022222222222222223,3.176620076238882
joshscorcher,Metroid Prime 4: Beyond Part 3,2025-12-08 21:13:48+00:00,1201,43,4,0,,0.0,3.913405495420483
joshscorcher,Metroid Prime 4: Beyond Part 4,2025-12-09 21:05:31+00:00,1121,31,5,0,,0.0,3.2114183764495987
joshscorcher,Metroid Prime 4: Beyond Part 5,2025-12-10 20:01:22+00:00,1185,39,6,0,,0.0,3.79746835443038
joshscorcher,Five Great Villain Songs Vol. XIV,2025-12-15 22:00:06+00:00,40123,2321,398,6,386.8333333333333,0.0025850926324859974,6.791615781471974
joshscorcher,Every Elite Four Team in Pokémon Ranked,2025-12-25 22:00:06+00:00,28248,1782,326,22,81.0,0.012345679012345678,7.540356839422261
joshscorcher,Top Ten 2025 Fails,2026-01-01 20:00:06+00:00,81576,4126,2219,218,18.926605504587155,0.052835676199709164,8.04525840933608
joshscorcher,Five Great Villain Songs Vol. XV,2026-01-15 19:00:06+00:00,80374,3660,521,44,83.18181818181819,0.012021857923497269,5.256675044168512
joshscorcher,The life of an online Dungeon Master,2026-01-20 02:19:11+00:00,46443,4205,114,16,262.8125,0.0038049940546967895,9.334022349977392
joshscorcher,Curse of Strahd Revamped: Vallaki Part 14,2026-01-26 06:41:27+00:00,671,22,0,0,,0.0,3.278688524590164
joshscorcher,Top Ten 2025 Games,2026-02-01 19:00:06+00:00,19334,1246,373,37,33.67567567567568,0.02969502407704655,8.565221888900384
joshscorcher,Curse of Strahd Revamped: Old Bonegrinder,2026-02-09 05:58:07+00:00,588,30,0,0,,0.0,5.1020408163265305
joshscorcher,Five Great Villain Songs Vol. XVI,2026-02-14 19:00:06+00:00,26183,1789,422,7,255.57142857142858,0.003912800447177194,8.471145399686819
