YouTuber_Name,Title,Date,Duration_Seconds,Views,Likes,Comments,Dislikes,Like_to_Dislike_Ratio,Dislike_to_Like_Ratio,Engagement_Ratio
JaidenAnimations,The Most Underrated Game Ever,2020-02-09 19:03:24+00:00,757,32038908,710035,69167,9416,75.4072854715378,0.013261318104037126,2.461438448526398
JaidenAnimations,Our tour went wrong in all the best ways,2020-03-07 19:03:35+00:00,573,28849029,706369,44282,6692,105.55424387328154,0.009473801936381693,2.625194074989491
JaidenAnimations,I Hate Reading,2020-03-29 18:03:22+00:00,436,14657104,586877,85518,9200,63.790978260869565,0.015676197908590726,4.650270612803184
JaidenAnimations,"If you don't like reading, I've got the book for you",2020-04-26 18:03:32+00:00,431,12066511,458510,35934,4692,97.72165387894289,0.010233146496259624,4.136539551490899
JaidenAnimations,The worst thing that's ever happened to me,2020-06-07 18:06:43+00:00,738,35027846,953256,83691,8762,108.7943391919653,0.009191654707654607,2.985364843730328
JaidenAnimations,The best pokemon game you never played,2020-07-12 18:04:08+00:00,891,45425551,1038709,90684,11706,88.73304288399112,0.011269758902637794,2.5120201623971496
JaidenAnimations,Animal Crossing used to be so much darker...,2020-08-16 18:06:58+00:00,698,38242900,954575,55499,10806,88.33749768647048,0.011320221040777309,2.6694628283942903
JaidenAnimations,I Attempted a Speedrun (and got a world record),2020-10-11 18:06:15+00:00,872,41604214,1045792,62004,11473,91.15244487056567,0.010970632783574553,2.690277960785415
JaidenAnimations,I Attempted a Pokemon Platinum Nuzlocke,2020-12-19 19:03:15+00:00,1364,65449476,1402273,143476,18328,76.5098756001746,0.01307020815490279,2.389747169251592
JaidenAnimations,The Weirdest Pet Games,2021-03-14 18:02:30+00:00,680,32425394,776180,53369,6175,125.69716599190284,0.00795562884897833,2.5773750042944736
JaidenAnimations,JaidenAnimations the Anime,2021-06-06 18:03:15+00:00,104,17475303,1017980,107948,8307,122.54484169977128,0.00816027819799996,6.490502625333592
JaidenAnimations,Pokémon But Ugly,2021-08-08 18:04:37+00:00,785,24183445,668981,30252,4604,145.3043006081668,0.006882108759441599,2.91040833925853
JaidenAnimations,The Hardest Mario Game Ever,2021-09-26 18:03:06+00:00,1059,28277020,789921,37799,5957,132.6038274299144,0.00754126045515944,2.948249143650922
JaidenAnimations,Dating things I shouldn’t,2021-11-14 19:00:16+00:00,838,21470975,750941,30459,5033,149.20345718259486,0.006702257567505304,3.6627726500543174
JaidenAnimations,I Attempted a Two Player Nuzlocke,2021-12-19 19:03:08+00:00,1213,38074274,944520,42121,5121,184.4405389572349,0.005421801549993647,2.6048086957613426
JaidenAnimations,Being Not Straight,2022-03-20 18:02:19+00:00,922,28247370,1762145,328694,101422,17.374386227840112,0.057555990000822864,7.760938451969157
JaidenAnimations,Speedrunning a rhythm game is hard,2022-05-21 18:05:09+00:00,872,18084943,616606,21331,3754,164.25306339904103,0.0060881665115162685,3.548205819614693
JaidenAnimations,The Darkest Pokemon game you've never played,2022-09-11 18:01:10+00:00,872,17074982,618790,27878,3785,163.48480845442538,0.006116776289209587,3.8093920099008014
JaidenAnimations,The game Nintendo wants you to forget,2022-10-22 18:01:25+00:00,744,16344837,520198,16072,2939,176.9982987410684,0.005649771817654047,3.29895611684595
JaidenAnimations,Pokemon Fan plays Digimon and hated it,2022-11-09 19:03:13+00:00,871,13890385,495786,44017,7457,66.48598632157704,0.015040763555243593,3.939847599616569
JaidenAnimations,How hard could BLINDFOLDED Mario be?,2022-12-19 19:28:06+00:00,1221,11195022,342085,14820,1751,195.36550542547116,0.005118610871567008,3.2037096488064067
JaidenAnimations,Can You ACTUALLY Win Money on Gameshows?,2023-03-18 18:02:28+00:00,923,10491566,342282,14251,2877,118.9718456725756,0.008405349974582362,3.425704036937861
JaidenAnimations,Pokemon Nuzlocke Race vs 6 people,2023-03-26 05:30:05+00:00,22891,702690,21608,1673,271,79.73431734317343,0.012541651240281377,3.3516913574976166
JaidenAnimations,RANDOMIZED POKEMON MYSTERY DUNGEON,2023-03-27 20:16:51+00:00,18203,890884,27256,784,347,78.54755043227665,0.012731141766950397,3.186385657391984
JaidenAnimations,Among Us But We Draw to Talk,2023-03-28 23:46:55+00:00,9317,1306363,34666,705,405,85.59506172839507,0.011682916979172677,2.7385956277083783
JaidenAnimations,Blindfolded Mario Odyssey w/ Alpharad (i'm guiding him),2023-03-30 00:52:44+00:00,15279,472395,14580,279,161,90.55900621118012,0.011042524005486968,3.1795425438457223
JaidenAnimations,Pokemon Sent Me ALL Their Plushies,2023-04-19 18:16:30+00:00,4966,18296428,567004,30331,5357,105.84356916184431,0.009447905129417077,3.294041875277513
JaidenAnimations,The Worst Looking SpongeBob Game,2023-05-09 04:38:49+00:00,9236,636602,16085,597,135,119.14814814814815,0.0083929126515387,2.641681929997078
JaidenAnimations,I tried to win money on a gameshow,2023-05-15 18:40:50+00:00,60,19844172,1307108,5599,16344,79.97479197258933,0.012503939995776937,6.697437413866399
JaidenAnimations,Quackity is corrupt with power,2023-05-17 16:36:01+00:00,37,4415931,325566,1603,5058,64.36654804270462,0.015536020346104937,7.523373893296793
JaidenAnimations,The coolest thing we’ve made yet,2023-05-20 22:15:47+00:00,38,3244018,230347,2359,2698,85.37694588584137,0.011712763786808597,7.256556529587691
JaidenAnimations,Jaiden singing the FNAF song,2023-05-30 23:45:12+00:00,53,6015277,489553,2880,5006,97.79324810227726,0.010225654832061084,8.269594234812462
JaidenAnimations,Attempting Mario Party Blindfolded (then it broke),2023-05-30 23:55:51+00:00,12326,347529,9237,278,138,66.93478260869566,0.014939915556999025,2.7776099260781115
JaidenAnimations,Jaiden gives Schlatt a gift.,2023-06-01 20:46:03+00:00,47,21136255,1610987,10574,14309,112.58557551191558,0.008882132506345489,7.7396397800840315
JaidenAnimations,Competitive Speedrunning a game I've never played,2023-06-11 01:40:06+00:00,13796,341093,7093,159,79,89.78481012658227,0.01113774143521782,2.14926720864984
JaidenAnimations,I Let Psychics Read my Future,2023-07-15 17:35:05+00:00,998,13436428,468706,31541,2613,179.37466513585917,0.005574923299467043,3.7425125189522097
JaidenAnimations,hello c:,2023-08-01 04:30:52+00:00,6875,616545,18080,588,157,115.1592356687898,0.008683628318584071,3.0533051115490353
JaidenAnimations,My First Time Playing DUNGEONS & DRAGONS,2023-10-14 18:02:13+00:00,1064,12969630,651039,25012,3032,214.72262532981532,0.0046571710757727265,5.235947363186151
JaidenAnimations,I caved and tried Genshin Impact...,2023-11-21 19:00:08+00:00,655,10440367,593118,19567,14311,41.44490252253511,0.02412841963993674,6.0054976994582665
JaidenAnimations,My Birds Laid Eggs...,2023-12-09 18:02:43+00:00,732,18899419,708897,37380,4413,160.63834126444596,0.0062251638813537085,3.972026864952833
JaidenAnimations,Jaiden got scammed.,2023-12-22 16:00:14+00:00,59,15774316,1263114,7191,8347,151.3255061698814,0.006608271304094484,8.105910899718252
JaidenAnimations,I almost ruined this…,2024-01-05 16:00:11+00:00,46,19428412,1436982,8558,15953,90.07597317119037,0.011101739618171975,7.522452169533979
JaidenAnimations,A fan stopped me in public,2024-01-12 16:00:29+00:00,58,25449946,2352324,13035,18008,130.62661039537983,0.007655408013521946,9.364919674092825
JaidenAnimations,I won an “Interesting” award…,2024-01-19 16:00:27+00:00,55,17272132,1519826,7534,11075,137.23033860045146,0.0072870183823674555,8.907035911953429
JaidenAnimations,I accidentally made history,2024-01-26 16:00:04+00:00,41,16033287,1330308,4611,8499,156.5252382633251,0.006388746064821079,8.378930658448265
JaidenAnimations,My neighbor was spying on me.,2024-02-02 16:00:30+00:00,59,9888934,876612,7757,4296,204.05307262569832,0.004900685822233782,8.986459005591502
JaidenAnimations,Pokemon sent me to Japan!,2024-03-29 17:43:28+00:00,1917,23085688,636456,31974,3277,194.21910283796154,0.005148824113528665,2.9096252188802
JaidenAnimations,My Obsession with Hatsune Miku,2024-05-03 18:05:11+00:00,957,15027949,604365,44779,4038,149.66939078751858,0.006681392866893351,4.3464480748504
JaidenAnimations,I found out I have ADHD.,2024-06-01 17:00:30+00:00,1073,16532358,853155,107454,9480,89.99525316455696,0.011111697171088489,5.86781994437817
JaidenAnimations,So it's been 10 years huh...,2024-07-23 19:40:35+00:00,1346,15544505,996486,75626,4770,208.9069182389937,0.004786820888602549,6.9277342700845095
JaidenAnimations,"I Won Mr. Beast's $1,000,000 Youtuber Challenge",2024-08-24 17:17:36+00:00,1477,28933768,1167354,57500,21790,53.57292335933915,0.018666145830656337,4.308612690887685
JaidenAnimations,They put me in a video game...,2024-09-20 17:00:49+00:00,302,4368920,260379,8787,3529,73.78265797676396,0.01355332035225575,6.241702754914257
JaidenAnimations,I got a cat.,2024-10-26 17:03:04+00:00,963,34179253,986960,61604,4234,233.10344827586206,0.004289940828402367,3.0802253050995585
JaidenAnimations,Could you find Ari??,2024-11-12 20:01:38+00:00,54,2719971,272231,946,4924,55.28655564581641,0.018087580033133627,10.22441048084704
JaidenAnimations,Storyboard vs Animation: I got a cat. (shot 15),2024-11-29 23:37:46+00:00,39,3096545,323336,1179,1413,228.82944090587404,0.004370067050993394,10.52553733273697
JaidenAnimations,Storyboard vs Animation: I got a cat. (shot 20),2024-12-01 17:00:56+00:00,41,11175973,799275,1416,4575,174.70491803278688,0.005723937318194614,7.205332367928949
JaidenAnimations,Storyboard vs Animation: I got a cat. (shot 17),2024-12-04 08:00:42+00:00,40,3099101,281131,718,1506,186.67397078353252,0.005356933244643956,9.143135380228008
JaidenAnimations,Storyboard vs Animation: Mr. Beast Cube (shot 5),2024-12-06 18:00:36+00:00,50,1967401,197658,591,2291,86.27586206896552,0.011590727418065548,10.193143136554268
JaidenAnimations,Storyboard vs Animation: Hatsune Miku (shot 23),2024-12-08 17:00:32+00:00,24,1476583,158849,482,935,169.89197860962568,0.0058860930821094245,10.853842960402497
JaidenAnimations,Storyboard vs Animation: 10 Years of Jaiden (shot 1),2024-12-13 18:00:14+00:00,32,422952,40398,169,107,377.5514018691589,0.0026486459725728996,9.616694092946718
JaidenAnimations,Storyboard vs Animation: I went to Japan (shot 36),2024-12-15 17:00:58+00:00,41,2057833,161836,527,805,201.0385093167702,0.004974171383375763,7.929117668926487
JaidenAnimations,Storyboard vs Animation: My Birds Laid Eggs (shot 8),2024-12-18 18:00:30+00:00,35,2737109,207209,273,1978,104.75682507583417,0.009545917407062435,7.652599878192648
JaidenAnimations,Storyboard vs Animation: I have ADHD (shot 9),2024-12-20 18:00:41+00:00,22,937907,78796,306,875,90.05257142857143,0.011104624600233514,8.527178067761517
JaidenAnimations,"I played Pokemon, but with 50+ New Types",2024-12-21 22:17:12+00:00,1899,13683433,463330,22276,2253,205.65024411895251,0.004862624910970582,3.5653260406215312
JaidenAnimations,Storyboard vs Animation: I went to Japan (shot 12),2024-12-22 17:00:29+00:00,34,18524922,1242768,1781,9737,127.63356269898325,0.007834929769675434,6.770803137524682
JaidenAnimations,Storyboard vs Animation: Hatsune Miku (shot 10),2024-12-25 18:00:37+00:00,34,740324,76955,374,414,185.8816425120773,0.00537976739653044,10.501212982423912
JaidenAnimations,Storyboard vs Animation: My Birds Laid Eggs (shot 3),2024-12-27 18:00:01+00:00,33,1071571,76732,144,846,90.69976359338061,0.011025387061460667,7.253089156014861
JaidenAnimations,Storyboard vs Animation: Mr. Beast Cube (shot 15),2024-12-29 19:00:05+00:00,41,5849921,367577,1097,3790,96.98601583113457,0.010310764819343975,6.366991964506871
JaidenAnimations,Storyboard vs Animation: I have ADHD (shot 27),2025-01-01 21:00:22+00:00,35,612774,75966,535,552,137.6195652173913,0.007266408656504225,12.574456488036374
JaidenAnimations,Storyboard vs Animation: I went to Japan (shot 13),2025-01-03 18:00:22+00:00,48,853639,100389,184,313,320.73162939297123,0.0031178714799430214,11.818344756975725
JaidenAnimations,Storyboard vs Animation: 10 Years of Jaiden (shot 10),2025-01-05 17:00:10+00:00,37,965603,103878,218,533,194.89305816135084,0.005131019080074703,10.835612565412493
JaidenAnimations,Storyboard vs Animation: My Birds Laid Eggs (shot 9),2025-01-09 21:00:30+00:00,41,1424156,93800,141,673,139.37592867756314,0.007174840085287846,6.643513772367633
JaidenAnimations,Storyboard vs Animation: Hatsune Miku (shot 4),2025-01-10 18:00:20+00:00,33,754856,72819,206,407,178.9164619164619,0.005589200620717121,9.727948111957778
JaidenAnimations,Storyboard vs Animation: Mr. Beast Cube (shot 23),2025-01-12 17:00:27+00:00,43,2972348,263352,764,2098,125.5252621544328,0.007966523891977278,8.956353697480914
JaidenAnimations,Storyboard vs Animation: I have ADHD (shot 1),2025-01-15 18:00:26+00:00,33,485851,49894,238,224,222.74107142857142,0.0044895177776887,10.364494464352239
JaidenAnimations,Storyboard vs Animation: I went to Japan (shot 3),2025-01-17 18:00:41+00:00,31,505047,48164,119,410,117.47317073170731,0.008512582011460842,9.641280910489519
JaidenAnimations,Storyboard vs Animation: My Birds Laid Eggs (shot 2),2025-01-19 17:00:03+00:00,39,608027,48005,110,534,89.89700374531836,0.011123841266534736,8.001124950043337
JaidenAnimations,Storyboard vs Animation: Hatsune Miku (shot 16),2025-01-22 18:00:13+00:00,35,419391,38816,170,280,138.62857142857143,0.007213520197856554,9.362623423010985
JaidenAnimations,Storyboard vs Animation: 10 Years of Jaiden (shot 2),2025-01-24 18:00:38+00:00,31,551093,45246,138,382,118.44502617801047,0.008442735269416081,8.30458742898204
JaidenAnimations,Storyboard vs Animation: I have ADHD (shot 16),2025-01-26 17:00:37+00:00,27,732524,61041,437,886,68.89503386004515,0.014514834291705575,8.513577712129567
JaidenAnimations,Storyboard vs Animation: Mr. Beast Cube (shot 24),2025-01-29 21:00:36+00:00,44,1112291,95710,195,1017,94.11012782694199,0.010625848918608296,8.713726893411886
JaidenAnimations,Storyboard vs Animation: My Birds Laid Eggs (shot 10),2025-01-31 21:00:20+00:00,42,1510976,141311,396,1104,127.99909420289855,0.007812555285858851,9.451573022999703
JaidenAnimations,Storyboard vs Animation: Hatsune Miku (shot 12),2025-02-02 21:00:00+00:00,35,3070067,262368,1430,1754,149.58266818700113,0.006685266495914136,8.6497135078811
JaidenAnimations,Storyboard vs Animation: I have ADHD (shot 4),2025-02-05 21:00:23+00:00,41,378919,38398,166,310,123.86451612903225,0.008073337152976718,10.259184680630954
JaidenAnimations,I went to the Pokemon Cafe!,2025-02-28 18:00:53+00:00,461,5611480,309027,12616,1242,248.81400966183574,0.004019066295178091,5.754007855325155
JaidenAnimations,Storyboard vs Animation: Pokemon Too Many Types (shot 33),2025-02-28 22:00:43+00:00,54,4121851,259549,3255,1251,207.4732214228617,0.004819899132726383,6.406223805761052
JaidenAnimations,Storyboard vs Animation: The Pokemon Cafe! (shot 1),2025-03-01 17:00:22+00:00,22,421309,36973,240,222,166.54504504504504,0.006004381575744462,8.885402400613327
JaidenAnimations,Storyboard vs Animation: The Pokemon Cafe! (shot 12),2025-03-02 18:00:33+00:00,26,402472,36823,160,284,129.65845070422534,0.007712570947505635,9.25952612852571
JaidenAnimations,Storyboard vs Animation: Pokemon Too Many Types (shot 26),2025-03-05 21:00:34+00:00,38,1473009,120588,278,848,142.20283018867926,0.0070322088433343284,8.262950192429239
JaidenAnimations,Storyboard vs Animation: The Pokemon Cafe! (shot 13),2025-03-07 21:00:29+00:00,36,128312,9669,59,35,276.25714285714287,0.0036198159065053263,7.608797306565247
JaidenAnimations,Storyboard vs Animation: Pokemon Too Many Types (shot 31),2025-03-08 18:00:20+00:00,26,443831,26883,118,356,75.51404494382022,0.013242569653684484,6.163832629987541
JaidenAnimations,Storyboard vs Animation: The Pokemon Cafe! (shot 6),2025-03-12 21:00:28+00:00,32,878403,68351,197,479,142.69519832985387,0.007007944287574432,7.858238189077222
JaidenAnimations,Storyboard vs Animation: Pokemon Too Many Types (shot 20),2025-03-13 21:00:32+00:00,43,372423,33119,164,64,517.484375,0.001932425495938887,8.954065672635686
JaidenAnimations,Storyboard vs Animation: The Pokemon Cafe! (shot 8),2025-03-14 21:00:13+00:00,40,1533353,144196,390,1046,137.8546845124283,0.007254015367971372,9.497617313169245
JaidenAnimations,Storyboard vs Animation: Pokemon Too Many Types (shot 25),2025-03-15 17:01:01+00:00,37,292457,18974,92,88,215.61363636363637,0.004637925582375883,6.5493388771682675
JaidenAnimations,Storyboard vs Animation: The Pokemon Cafe! (shot 14),2025-03-16 16:00:33+00:00,37,235704,16010,123,187,85.61497326203208,0.011680199875078076,6.923938499134508
JaidenAnimations,My Biggest Hyperfixation Yet.,2025-03-29 16:01:08+00:00,797,8324885,466037,26439,3502,133.07738435179897,0.007514424820346882,5.957775993302009
JaidenAnimations,Storyboard vs Animation: My Chiikawa Obsession (shot 2),2025-04-05 16:00:13+00:00,28,295905,11852,128,121,97.9504132231405,0.010209247384407694,4.0894881803281455
JaidenAnimations,Storyboard vs Animation: My Chiikawa Obsession (shot 9),2025-04-06 16:00:41+00:00,36,335607,19170,120,123,155.85365853658536,0.006416275430359938,5.784444305392915
JaidenAnimations,Storyboard vs Animation: My Chiikawa Obsession (shot 11),2025-04-09 20:00:02+00:00,32,1143627,64767,164,295,219.5491525423729,0.004554788704124014,5.703433024928582
JaidenAnimations,Storyboard vs Animation: My Chiikawa Obsession (shot 14),2025-04-11 20:00:20+00:00,34,3616201,171333,555,716,239.29189944134077,0.004178996457191551,4.773075390444282
JaidenAnimations,Storyboard vs Animation: My Chiikawa Obsession (shot 18),2025-04-12 16:00:04+00:00,30,543125,24659,119,354,69.65819209039547,0.014355813293320897,4.627295742232452
JaidenAnimations,Storyboard vs Animation: My Chiikawa Obsession (shot 22),2025-04-16 20:00:16+00:00,32,256987,9784,86,117,83.62393162393163,0.01195829926410466,3.886188795542187
JaidenAnimations,Storyboard vs Animation: My Chiikawa Obsession (shot 23),2025-04-18 20:00:08+00:00,31,1446034,108046,564,462,233.86580086580088,0.004275956537030524,7.542837858584238
JaidenAnimations,I was almost in Squid Game.,2025-05-02 17:02:27+00:00,868,10325650,433225,15403,2753,157.36469306211407,0.006354665589474291,4.371453613089733
JaidenAnimations,My Funniest Fan Interactions,2025-07-05 17:34:00+00:00,986,7513978,420454,20580,1203,349.5045719035744,0.0028611929010070067,5.885524285538233
JaidenAnimations,Storyboard vs Animation: I was almost in Squid Game. (shot 1),2025-07-10 20:00:23+00:00,35,248763,10169,95,168,60.529761904761905,0.016520798505261086,4.193549683835618
JaidenAnimations,Storyboard vs Animation: I was almost in Squid Game. (shot 4),2025-07-12 16:00:42+00:00,33,995431,50440,138,535,94.2803738317757,0.010606661379857257,5.134760721737619
JaidenAnimations,Storyboard vs Animation: I was almost in Squid Game. (shot 9),2025-07-16 20:00:27+00:00,37,1193497,66243,160,574,115.40592334494774,0.008665066497592199,5.611828098436779
JaidenAnimations,Storyboard vs Animation: I was almost in Squid Game. (shot 11),2025-07-19 16:00:05+00:00,31,11022308,501659,717,4088,122.71501956947162,0.008148961744930322,4.594899725175526
JaidenAnimations,Storyboard vs Animation: I was almost in Squid Game. (shot 12),2025-07-23 20:00:00+00:00,34,385332,22406,135,440,50.92272727272727,0.0196375970722128,5.963947972138312
JaidenAnimations,Storyboard vs Animation: I was almost in Squid Game. (shot 14),2025-07-26 16:00:21+00:00,31,1325506,70999,187,592,119.93074324324324,0.008338145607684616,5.4151395768861095
JaidenAnimations,Storyboard vs Animation: I was almost in Squid Game. (shot 15),2025-07-30 20:00:40+00:00,32,259942,10359,56,315,32.885714285714286,0.030408340573414423,4.127843903640042
JaidenAnimations,Storyboard vs Animation: I was almost in Squid Game. (shot 18),2025-08-02 16:01:30+00:00,35,1852320,85225,203,941,90.56854410201913,0.011041361102962746,4.662747257493305
JaidenAnimations,Storyboard vs Animation: I was almost in Squid Game. (shot 19),2025-08-06 16:01:19+00:00,33,454732,16422,65,229,71.7117903930131,0.013944708318109853,3.67601136493583
JaidenAnimations,Storyboard vs Animation: I was almost in Squid Game. (shot 21),2025-08-09 16:00:09+00:00,35,286352,12273,87,176,69.73295454545455,0.014340422064694859,4.377828686372018
JaidenAnimations,Storyboard vs Animation: I was almost in Squid Game. (shot 22),2025-08-13 20:00:14+00:00,38,504019,19899,103,297,67.0,0.014925373134328358,4.027427537453946
JaidenAnimations,Storyboard vs Animation: I was almost in Squid Game. (shot 23),2025-08-16 16:00:53+00:00,33,886117,31049,146,812,38.23768472906404,0.02615221102128893,3.612051230255147
JaidenAnimations,My Experience Living in Los Angeles,2025-08-16 16:01:32+00:00,948,7528186,426340,29442,2371,179.81442429354703,0.005561289111976357,6.085835286216361
JaidenAnimations,Storyboard vs Animation: I was almost in Squid Game. (shot 24),2025-08-20 20:00:20+00:00,41,212805,9688,54,204,47.490196078431374,0.021056977704376548,4.673762364606095
JaidenAnimations,Storyboard vs Animation: I was almost in Squid Game. (shot 25),2025-08-23 16:00:49+00:00,51,153038,6955,54,189,36.7989417989418,0.02717469446441409,4.703406996955005
JaidenAnimations,Storyboard vs Animation: My Funniest Fan Interactions (shot 1),2025-08-27 20:00:08+00:00,31,3434899,190001,583,1352,140.53328402366864,0.0071157520223577774,5.587820777263029
JaidenAnimations,Storyboard vs Animation: My Funniest Fan Interactions (shot 3),2025-08-30 16:00:14+00:00,31,322496,15439,106,204,75.68137254901961,0.01321329101625753,4.883471422901369
JaidenAnimations,Storyboard vs Animation: My Funniest Fan Interactions (shot 5),2025-09-03 20:00:03+00:00,31,2128265,106615,339,664,160.56475903614458,0.006228016695586925,5.056607142437619
JaidenAnimations,Storyboard vs Animation: My Funniest Fan Interactions (shot 7),2025-09-06 16:00:47+00:00,17,3026039,138745,175,1483,93.55697909642616,0.010688673465710476,4.639827840949836
JaidenAnimations,Storyboard vs Animation: My Funniest Fan Interactions (shot 8),2025-09-10 20:00:02+00:00,25,294562,13218,74,164,80.59756097560975,0.012407323346951127,4.568138456420041
JaidenAnimations,Storyboard vs Animation: My Funniest Fan Interactions (shot 12),2025-09-13 16:01:12+00:00,30,569623,27389,126,233,117.54935622317596,0.008507064880061338,4.8712920651027085
JaidenAnimations,Storyboard vs Animation: My Funniest Fan Interactions (shot 19),2025-09-17 20:00:00+00:00,35,2065564,98067,248,655,149.7206106870229,0.0066791071410362305,4.791427426117031
JaidenAnimations,Storyboard vs Animation: My Funniest Fan Interactions (shot 23-24),2025-09-20 16:01:18+00:00,41,434937,23416,188,242,96.7603305785124,0.010334813802528186,5.4826331169801605
JaidenAnimations,Storyboard vs Animation: My Funniest Fan Interactions (shot 26),2025-09-24 20:00:36+00:00,34,1942792,106531,263,1452,73.36845730027548,0.013629835446959102,5.571672109006008
JaidenAnimations,Storyboard vs Animation: My Funniest Fan Interactions (shot 27),2025-09-27 16:00:50+00:00,35,3050681,158221,447,1146,138.06369982547994,0.007243033478488949,5.2386336034478855
JaidenAnimations,Storyboard vs Animation: Pokemon Too Many Types (shot 7),2025-10-01 20:00:01+00:00,36,153542,5973,100,27,221.22222222222223,0.0045203415369161224,3.9728543330163735
JaidenAnimations,Storyboard vs Animation: Pokemon Too Many Types (shot 24),2025-10-04 15:30:22+00:00,49,394420,18009,125,546,32.98351648351648,0.03031817424621023,4.736068150702296
JaidenAnimations,Storyboard vs Animation: Pokemon Too Many Types (shot 29),2025-10-08 20:00:32+00:00,39,508984,21813,130,355,61.44507042253521,0.016274698574244715,4.380884271411282
JaidenAnimations,Storyboard vs Animation: Pokemon Too Many Types (shot 32),2025-10-11 15:30:05+00:00,34,292562,8279,80,160,51.74375,0.019326005556226596,2.9118614174089594
JaidenAnimations,Storyboard vs Animation: Living in Los Angeles (shot 1),2025-10-15 20:00:44+00:00,23,340426,12851,104,379,33.90765171503958,0.029491868337094388,3.9168571143214677
JaidenAnimations,Storyboard vs Animation: Living in Los Angeles (shot 2),2025-10-18 15:30:13+00:00,46,1559879,89391,333,787,113.58449809402795,0.008804018301618732,5.8024372403244096
JaidenAnimations,Storyboard vs Animation: Living in Los Angeles (shot 3),2025-10-22 20:00:43+00:00,34,339911,12841,137,414,31.016908212560388,0.03224047971341796,3.9398548443563173
JaidenAnimations,Storyboard vs Animation: Living in Los Angeles (shot 4),2025-10-25 15:30:16+00:00,40,817549,29316,371,608,48.2171052631579,0.020739527902851686,3.705588288897668
JaidenAnimations,Storyboard vs Animation: Living in Los Angeles (shot 5),2025-10-29 20:01:01+00:00,38,697119,27794,212,345,80.5623188405797,0.01241275095344319,4.066880977279346
JaidenAnimations,Storyboard vs Animation: Living in Los Angeles (shot 6),2025-11-01 15:30:37+00:00,35,2194791,98700,794,1010,97.72277227722772,0.010233029381965552,4.57920594717219
JaidenAnimations,Storyboard vs Animation: Living in Los Angeles (shot 7),2025-11-05 21:00:46+00:00,37,3407864,161977,1200,1410,114.87730496453901,0.008704939590188731,4.829623482627241
JaidenAnimations,Storyboard vs Animation: Living in Los Angeles (shot 11),2025-11-08 16:30:32+00:00,27,529668,18770,228,206,91.11650485436893,0.010974960042621204,3.6256673992010087
JaidenAnimations,Storyboard vs Animation: Living in Los Angeles (shot 14),2025-11-12 21:00:55+00:00,32,1401065,65186,577,929,70.16792249730894,0.014251526401374528,4.760093214804453
JaidenAnimations,Storyboard vs Animation: Living in Los Angeles (shot 15),2025-11-15 16:30:07+00:00,33,546296,15465,178,277,55.83032490974729,0.017911412867765923,2.914171072092785
JaidenAnimations,Y'all mind if I complain for 15 minutes?,2025-11-15 17:43:20+00:00,900,6978550,568867,46255,2422,234.87489677952107,0.004257585692261988,8.849173538915679
JaidenAnimations,Storyboard vs Animation: Living in Los Angeles (shot 17),2025-11-19 21:01:15+00:00,38,436959,24586,136,454,54.15418502202643,0.018465793541039617,5.761638963838712
JaidenAnimations,Storyboard vs Animation: Living in Los Angeles (shot 18),2025-11-22 16:30:20+00:00,24,388651,10976,132,354,31.005649717514125,0.03225218658892128,2.949175481344445
JaidenAnimations,Storyboard vs Animation: Living in Los Angeles (shot 19 & 20),2025-11-26 21:01:01+00:00,31,879353,33096,255,974,33.97946611909651,0.029429538312787044,3.903438095963737
JaidenAnimations,Storyboard vs Animation: Living in Los Angeles (shot 21),2025-11-29 16:01:13+00:00,40,667559,34091,244,428,79.65186915887851,0.012554633187644833,5.207479788303356
JaidenAnimations,Storyboard vs Animation: Living in Los Angeles (shot 22),2025-12-03 21:01:00+00:00,32,389718,13582,160,775,17.52516129032258,0.05706081578559859,3.725001154681077
JaidenAnimations,Storyboard vs Animation: Living in Los Angeles (shot 24),2025-12-06 16:00:01+00:00,37,273976,10291,97,327,31.470948012232416,0.03177533767369546,3.9109265045113437
JaidenAnimations,Storyboard vs Animation: me complaining for 15 mins (shot 1),2025-12-10 21:00:04+00:00,32,564541,25486,187,452,56.38495575221239,0.017735227183551753,4.6276532616763
JaidenAnimations,Storyboard vs Animation: me complaining for 15 mins (shot 6),2025-12-13 16:00:47+00:00,33,570703,25238,249,420,60.09047619047619,0.016641572232348047,4.539489016178292
JaidenAnimations,Storyboard vs Animation: me complaining for 15 mins (shot 7),2025-12-17 21:01:06+00:00,26,339090,17424,116,475,36.682105263157894,0.027261248852157943,5.312748827744847
JaidenAnimations,I went to Japan for CHIIKAWA PARK,2025-12-19 18:00:00+00:00,1191,4157166,257399,12887,1243,207.07884151246984,0.004829078590048912,6.531589068129587
JaidenAnimations,Storyboard vs Animation: me complaining for 15 mins (shot 8),2025-12-20 16:00:05+00:00,36,408569,17220,250,271,63.542435424354245,0.015737514518002323,4.342228607652563
JaidenAnimations,Storyboard vs Animation: me complaining for 15 mins (shot 9),2025-12-24 21:00:23+00:00,36,409712,17198,167,217,79.25345622119816,0.012617746249563903,4.291307064474557
JaidenAnimations,Storyboard vs Animation: me complaining for 15 mins (shot 10),2025-12-27 16:00:09+00:00,50,257659,13761,118,220,62.55,0.01598721023181455,5.471961002720651
JaidenAnimations,Storyboard vs Animation: me complaining for 15 mins (shot 12),2025-12-31 21:00:03+00:00,38,206788,9248,117,260,35.56923076923077,0.028114186851211073,4.654525407663888
JaidenAnimations,Storyboard vs Animation: me complaining for 15 mins (shot 13),2026-01-03 16:00:48+00:00,40,422328,19826,207,194,102.19587628865979,0.00978513063653788,4.7894053910704475
JaidenAnimations,Storyboard vs Animation: me complaining for 15 mins (shot 14),2026-01-07 21:00:05+00:00,41,478795,23525,219,235,100.1063829787234,0.009989373007438894,5.008197662882862
JaidenAnimations,Storyboard vs Animation: me complaining for 15 mins (shot 16),2026-01-10 16:00:39+00:00,29,300022,12735,123,257,49.552529182879375,0.02018060463290145,4.371346101285906
JaidenAnimations,Storyboard vs Animation: me complaining for 15 mins (shot 17),2026-01-14 21:00:21+00:00,32,375551,19044,135,287,66.35540069686411,0.015070363369040118,5.1833173124289385
JaidenAnimations,Storyboard vs Animation: me complaining for 15 mins (shot 20),2026-01-17 16:00:57+00:00,38,653278,30728,170,260,118.18461538461538,0.008461338193178859,4.76948557888066
JaidenAnimations,Storyboard vs Animation: me complaining for 15 mins (shot 21),2026-01-21 21:00:40+00:00,30,153895,6891,91,173,39.83236994219653,0.02510520969380351,4.649273855550862
JaidenAnimations,Storyboard vs Animation: me complaining for 15 mins (shot 22),2026-01-24 16:00:18+00:00,27,577521,22854,114,492,46.451219512195124,0.021527960094512997,4.062189946339614
JaidenAnimations,Storyboard vs Animation: me complaining for 15 mins (shot 24),2026-01-28 21:01:02+00:00,34,197298,9478,104,266,35.63157894736842,0.028064992614475627,4.991434277083397
JaidenAnimations,Storyboard vs Animation: me complaining for 15 mins (shot 26),2026-01-31 16:00:37+00:00,42,109957,5011,113,177,28.310734463276837,0.035322290959888245,4.820975472230053
